序号,汉字,拆解,细节说明,初检,拆几个
0001,一,一,,ok,1
0002,乙,乙,,ok,1
0003,二,一，一,,ok,2
0004,十,一，丨,,ok,2
0005,丁,丁,,ok,1
0006,厂,厂,,ok,1
0007,七,七,,ok,1
0008,卜,卜,,ok,1
0009,八,八,,ok,1
0010,人,人,,ok,1
0011,入,入,,ok,1
0012,儿,儿,,ok,1
0013,匕,匕,,ok,1
0014,几,几,,ok,1
0015,九,九,,ok,1
0016,刁,刁,,ok,1
0017,了,了,,ok,1
0018,刀,刀,,ok,1
0019,力,力,,ok,1
0020,乃,乃,,ok,1
0021,又,又,,ok,1
0022,三,一，一，一,,ok,3
0023,干,干,,ok,1
0024,于,于,,ok,1
0025,亏,一，丂,,ok,2
0026,工,工,,ok,1
0027,土,土,,ok,1
0028,士,士,,ok,1
0029,才,才,,ok,1
0030,下,下,,ok,1
0031,寸,寸,,ok,1
0032,大,大,,ok,1
0033,丈,丈,,ok,1
0034,与,与,,ok,1
0035,万,万,,ok,1
0036,上,上,,ok,1
0037,小,小,,ok,1
0038,口,口,,ok,1
0039,山,山,,ok,1
0040,巾,巾,,ok,1
0041,千,千,,ok,1
0042,乞,乞,,ok,1
0043,川,川,,ok,1
0044,亿,亻，乙,,ok,2
0045,个,个,,ok,1
0046,夕,夕,,ok,1
0047,久,久,,ok,1
0048,么,么,,ok,1
0049,勺,勺,,ok,1
0050,凡,凡,,ok,1
0051,丸,丸,,ok,1
0052,及,及,,ok,1
0053,广,广,,ok,1
0054,亡,亡,,ok,1
0055,门,门,,ok,1
0056,丫,丫,,ok,1
0057,义,义,,ok,1
0058,之,之,,ok,1
0059,尸,尸,,ok,1
0060,己,己,,ok,1
0061,已,已,,ok,1
0062,巳,巳,,ok,1
0063,弓,弓,,ok,1
0064,子,子,,ok,1
0065,卫,卫,,ok,1
0066,也,也,,ok,1
0067,女,女,,ok,1
0068,刃,刃,,ok,1
0069,飞,飞,,ok,1
0070,习,习,,ok,1
0071,叉,叉,,ok,1
0072,马,马,,ok,1
0073,乡,乡,,ok,1
0074,丰,丰,,ok,1
0075,王,王,,ok,1
0076,开,开,,ok,1
0077,井,井,,ok,1
0078,天,天,,ok,1
0079,夫,夫,,ok,1
0080,元,元,,ok,1
0081,无,无,,ok,1
0082,云,云,,ok,1
0083,专,专,,ok,1
0084,丐,丐,,ok,1
0085,扎,扌，乚,,ok,2
0086,艺,艹，乙,,ok,2
0087,木,木,,ok,1
0088,五,五,,ok,1
0089,支,支,,ok,1
0090,厅,厂，丁,,ok,2
0091,不,不,,ok,1
0092,犬,犬,,ok,1
0093,太,太,,ok,1
0094,区,匚，㐅,,ok,2
0095,历,厂，力,,ok,2
0096,歹,歹,,ok,1
0097,友,𠂇，又,,ok,2
0098,尤,尤,,ok,1
0099,匹,匹,,ok,1
0100,车,车,,ok,1
0101,巨,巨,,ok,1
0102,牙,牙,,ok,1
0103,屯,屯,,ok,1
0104,戈,戈,,ok,1
0105,比,比,,ok,1
0106,互,互,,ok,1
0107,切,七b，刀,,变,2
0108,瓦,瓦,,ok,1
0109,止,止,,ok,1
0110,少,少,,ok,1
0111,曰,曰,,ok,1
0112,日,日,,ok,1
0113,中,中,,ok,1
0114,贝,贝,,ok,1
0115,冈,冈,,ok,1
0116,内,内,,ok,1
0117,水,水,,ok,1
0118,见,见,,ok,1
0119,午,午,,ok,1
0120,牛,牛,,ok,1
0121,手,手,,ok,1
0122,气,气,,ok,1
0123,毛,毛,,ok,1
0124,壬,壬,,ok,1
0125,升,升,,ok,1
0126,夭,夭,,ok,1
0127,长,长,,ok,1
0128,仁,亻，二,,ok,2
0129,什,亻，十,,ok,2
0130,片,片,,ok,1
0131,仆,亻，卜,,ok,2
0132,化,亻，𠤎,,ok,2
0133,仇,亻，九,,ok,2
0134,币,币,,ok,1
0135,仍,亻，乃,,ok,2
0136,仅,亻，又,,ok,2
0137,斤,斤,,ok,1
0138,爪,爪,,ok,1
0139,反,反,,ok,1
0140,介,介,,ok,1
0141,父,父,,ok,1
0142,从,人，人,,ok,2
0143,仑,人，匕,,ok,2
0144,今,今,,ok,1
0145,凶,㐅，凵,,ok,2
0146,分,八，刀,,ok,2
0147,乏,乏,,ok,1
0148,公,公,,ok,1
0149,仓,仓,,ok,1
0150,月,月,,ok,1
0151,氏,氏,,ok,1
0152,勿,勿,,ok,1
0153,欠,欠,,ok,1
0154,风,风,,ok,1
0155,丹,丹,,ok,1
0156,匀,匀,,ok,1
0157,乌,乌,,ok,1
0158,勾,勾,,ok,1
0159,凤（鳳）,凡，鸟,,古,2
0160,六,六,,ok,1
0161,文,文,,ok,1
0162,亢,亢,,ok,1
0163,方,方,,ok,1
0164,火,火,,ok,1
0165,为,为,,ok,1
0166,斗,斗,,ok,1
0167,忆,忄，乙,,ok,2
0168,计,讠，十,,ok,2
0169,订,讠，丁,,ok,2
0170,户,户,,ok,1
0171,认,讠，人,,ok,2
0172,冗,冖，几,,ok,2
0173,讥,讠，几,,ok,2
0174,心,心,,ok,1
0175,尺,尺,,ok,1
0176,引,弓，丨,,ok,2
0177,丑,丑,,ok,1
0178,巴,巴,,ok,1
0179,孔,子，乚,,ok,2
0180,队,阝，人,,ok,2
0181,办,办,,ok,1
0182,以,以,,ok,1
0183,允,厶，儿,,ok,2
0184,予,予,,ok,1
0185,邓,又，阝,,ok,2
0186,劝,又，力,,ok,2
0187,双,又，又,,ok,2
0188,书,书,,ok,1
0189,幻,幺，𠃌,,ok,2
0190,玉,玉,,ok,1
0191,刊,干，刂,,ok,2
0192,未,未,,ok,1
0193,末,末,,ok,1
0194,示,示,,ok,1
0195,击,击,,ok,1
0196,打,扌，丁,,ok,2
0197,巧,工，丂,,ok,2
0198,正,一，止,,ok,2
0199,扑,扌，卜,,ok,2
0200,卉,十，廾,,ok,2
0201,扒,扌，八,,ok,2
0202,功,工，力,,ok,2
0203,扔,扌，乃,,ok,2
0204,去,去,,ok,1
0205,甘,甘,,ok,1
0206,世,世,,ok,1
0207,艾,艹，乂,,ok,2
0208,古,古,,ok,1
0209,节（節）,⺮，即,,古,2
0210,本,本,,ok,1
0211,术,术,,ok,1
0212,可,可,,ok,1
0213,丙,丙,,ok,1
0214,左,𠂇，工,,ok,2
0215,厉,厂，万,,ok,2
0216,石,石,,ok,1
0217,右,𠂇，口,,ok,2
0218,布,𠂇，巾,,ok,2
0219,夯,大，力,,ok,2
0220,戊,戊,,ok,1
0221,龙,龙,,ok,1
0222,平,平,,ok,1
0223,灭,一，火,,ok,2
0224,轧,车，乚,,ok,2
0225,东,东,,ok,1
0226,卡,卡,,ok,1
0227,北,北,,ok,1
0228,占,占,,ok,1
0229,凸,凸,,ok,1
0230,卢,卢,,ok,1
0231,业,业,,ok,1
0232,旧,丨，日,,ok,2
0233,帅（帥）,𠂤，巾,,古,2
0234,归（歸）,𠂤，止，帚,,古,3
0235,旦,旦,,ok,1
0236,目,目,,ok,1
0237,且,且,,ok,1
0238,叶,口，十,,ok,2
0239,甲,甲,,ok,1
0240,申,申,,ok,1
0241,叮,口，丁,,ok,2
0242,电,电,,ok,1
0243,号,口，丂,,ok,2
0244,田,田,,ok,1
0245,由,由,,ok,1
0246,只,只,,ok,1
0247,叭,口，八,,ok,2
0248,史,史,,ok,1
0249,央,央,,ok,1
0250,兄,口，儿,,ok,2
0251,叽,口，几,,ok,2
0252,叼,口，刁,,ok,2
0253,叫,口，丩,,ok,2
0254,叩,口，卩,,ok,2
0255,叨,口，刀,,ok,2
0256,另,口，力,,ok,2
0257,叹,口，又,,ok,2
0258,冉,冉,,ok,1
0259,皿,皿,,ok,1
0260,凹,凹,,ok,1
0261,囚,囗，人,,ok,2
0262,四,四,,ok,1
0263,生,生,,ok,1
0264,矢,矢,,ok,1
0265,失,失,,ok,1
0266,乍,乍,,ok,1
0267,禾,禾,,ok,1
0268,丘,丘,,ok,1
0269,付,亻，寸,,ok,2
0270,仗,亻，丈,,ok,2
0271,代,亻，弋,,ok,2
0272,仙,亻，山,,ok,2
0273,们,亻，门,,ok,2
0274,仪,亻，义,,ok,2
0275,白,白,,ok,1
0276,仔,亻，子,,ok,2
0277,他,亻，也,,ok,2
0278,斥,斥,,ok,1
0279,瓜,瓜,,ok,1
0280,乎,乎,,ok,1
0281,丛,丛,,ok,1
0282,令,令,,ok,1
0283,用,用,,ok,1
0284,甩,甩,,ok,1
0285,印,印,,ok,1
0286,尔,尔,,ok,1
0287,乐,乐,,ok,1
0288,句,勹，口,,ok,2
0289,匆,匆,,ok,1
0290,册,册,,ok,1
0291,卯,卯,,ok,1
0292,犯,犭，㔾,,ok,2
0293,外,夕，卜,,ok,2
0294,处,夂，卜,,ok,2
0295,冬,夂，⺀,,ok,2
0296,鸟,鸟,,ok,1
0297,务,夂，力,,ok,2
0298,包,勹，巳,,ok,2
0299,饥,饣，几,,ok,2
0300,主,主,,ok,1
0301,市,市,,ok,1
0302,立,立,,ok,1
0303,冯,冫，马,,ok,2
0304,玄,玄,,ok,1
0305,闪,门，人,,ok,2
0306,兰,兰,,ok,1
0307,半,半,,ok,1
0308,汁,氵，十,,ok,2
0309,汇,氵，匚,,ok,2
0310,头,头,,ok,1
0311,汉,氵，又,,ok,2
0312,宁,宀，丁,,ok,2
0313,穴,宀，八,,ok,2
0314,它,宀，匕,,ok,2
0315,讨,讠，寸,,ok,2
0316,写,冖，与,,ok,2
0317,让,讠，上,,ok,2
0318,礼,礻，乚,,ok,2
0319,训,讠，川,,ok,2
0320,议,讠，义,,ok,2
0321,必,必,,ok,1
0322,讯,讠，卂,,ok,2
0323,记,讠，己,,ok,2
0324,永,永,,ok,1
0325,司,司,,ok,1
0326,尼,尸，匕,,ok,2
0327,民,民,,ok,1
0328,弗,弗,,ok,1
0329,弘,弓，厶,,ok,2
0330,出,出,,ok,1
0331,辽,了，辶,,ok,2
0332,奶,女，乃,,ok,2
0333,奴,女，又,,ok,2
0334,召,刀，口,,ok,2
0335,加,力，口,,ok,2
0336,皮,皮,,ok,1
0337,边,力，辶,,ok,2
0338,孕,乃，子,,ok,2
0339,发,发,,ok,1
0340,圣,圣,,ok,1
0341,对,又，寸,,ok,2
0342,台,台,,ok,1
0343,矛,矛,,ok,1
0344,纠,纟，丩,,ok,2
0345,母,母,,ok,1
0346,幼,幺，力,,ok,2
0347,丝,丝,,ok,1
0348,邦,丰，阝,,ok,2
0349,式,弋，弓,,ok,2
0350,迂,于，辶,,ok,2
0351,刑,开，刂,,ok,2
0352,戎,戎,,ok,1
0353,动,云，力,,ok,2
0354,扛,扌，工,,ok,2
0355,寺,土，寸,,ok,2
0356,吉,士，口,,ok,2
0357,扣,扌，口,,ok,2
0358,考,耂，丂,,ok,2
0359,托,扌，乇,,ok,2
0360,老,老,,ok,1
0361,巩,工，凡,,ok,2
0362,圾,土，及,,ok,2
0363,执,扌，丸,,ok,2
0364,扩,扌，广,,ok,2
0365,扫,扌，彐,,ok,2
0366,地,土，也,,ok,2
0367,扬（揚）,扌，昜,,古,2
0368,场（場）,土，昜,,古,2
0369,耳,耳,,ok,1
0370,芋,艹，于,,ok,2
0371,共,共,,ok,1
0372,芒,艹，亡,,ok,2
0373,亚,亚,,ok,1
0374,芝,艹，之,,ok,2
0375,朽,木，丂,,ok,2
0376,朴,木，卜,,ok,2
0377,机,木，几,,ok,2
0378,权,木，又,,ok,2
0379,过,寸，辶,,ok,2
0380,臣,臣,,ok,1
0381,吏,吏,,ok,1
0382,再,再,,ok,1
0383,协,十，办,,ok,2
0384,西,西,,ok,1
0385,压,压,,ok,1
0386,厌,厂，犬,,ok,2
0387,戌,戌,,ok,1
0388,在,在,,ok,1
0389,百,百,,ok,1
0390,有,𠂇，月,,ok,2
0391,存,存,,ok,1
0392,而,而,,ok,1
0393,页,页,,ok,1
0394,匠,匚，斤,,ok,2
0395,夸,大，亏,,ok,2
0396,夺,大，寸,,ok,2
0397,灰,𠂇，火,,ok,2
0398,达,大，辶,,ok,2
0399,列,歹，刂,,ok,2
0400,死,歹，匕,,ok,2
0401,成,成,,ok,1
0402,夹,夹,,ok,1
0403,夷,大，弓,,ok,2
0404,轨,车，九,,ok,2
0405,邪,牙，阝,,ok,2
0406,尧,尧,,ok,1
0407,划,戈，刂,,ok,2
0408,迈,万，辶,,ok,2
0409,毕,比，十,,ok,2
0410,至,至,,ok,1
0411,此,止，匕,,ok,2
0412,贞,贞,,ok,1
0413,师（師）,𠂤，帀,,古,2
0414,尘,小，土,,ok,2
0415,尖,小，大,,ok,2
0416,劣,少，力,,ok,2
0417,光,光,,ok,1
0418,当,当,,ok,1
0419,早,日，十,,ok,2
0420,吁,口，于,,ok,2
0421,吐,口，土,,ok,2
0422,吓,口，下,,ok,2
0423,虫,虫,,ok,1
0424,曲,曲,,ok,1
0425,团,囗，才,,ok,2
0426,吕,口，口,,ok,2
0426,同,同,,ok,1
0428,吊,口，巾,,ok,2
0429,吃,口，乞,,ok,2
0430,因,囗，大,,ok,2
0431,吸,口，及,,ok,2
0432,吗,口，马,,ok,2
0433,吆,口，幺,,ok,2
0434,屿,山，与,,ok,2
0435,屹,山，乞,,ok,2
0436,岁,山，夕,,ok,2
0437,帆,巾，凡,,ok,2
0438,回,回,,ok,1
0439,岂,山，己,,ok,2
0440,则,贝，刂,,ok,2
0441,刚,冈，刂,,ok,2
0442,网,网,,ok,1
0443,肉,肉,,ok,1
0444,年,年,,ok,1
0445,朱,朱,,ok,1
0446,先,先,,ok,1
0447,丢,丢,,ok,1
0448,廷,廴，壬,,ok,2
0449,舌,舌,,ok,1
0450,竹,竹,,ok,1
0451,迁,千，辶,,ok,2
0452,乔,乔,,ok,1
0453,迄,乞，辶,,ok,2
0454,伟,亻，韦,,ok,2
0455,传,亻，专,,ok,2
0456,乒,乒,,ok,1
0457,乓,乓,,ok,1
0458,休,亻，木,,ok,2
0459,伍,亻，五,,ok,2
0460,伏,亻，犬,,ok,2
0461,优,亻，尤,,ok,2
0462,臼,臼,,ok,1
0463,伐,亻，戈,,ok,2
0464,延,廴，丿b，止,,变,3
0465,仲,亻，中,,ok,2
0466,件,亻，牛,,ok,2
0467,任,亻，壬,,ok,2
0468,伤,亻，𠂉，力,,ok,3
0469,价,亻，介,,ok,2
0470,伦,亻，仑,,ok,2
0471,份,亻，分,,ok,2
0472,华,化，十,,ok,2
0473,仰,亻，卬,,ok,2
0474,仿,亻，方,,ok,2
0475,伙,亻，火,,ok,2
0476,伪,亻，为,,ok,2
0477,自,自,,ok,1
0478,伊,亻，尹,,ok,2
0479,血,血,,ok,1
0480,向,向,,ok,1
0481,似,亻，以,,ok,2
0482,后,后,,ok,1
0483,行,彳，亍,,ok,2
0484,舟,舟,,ok,1
0485,全,人，王,,ok,2
0486,会,人，云,,ok,2
0487,杀,乂，朩,,ok,2
0488,合,合,,ok,1
0489,兆,兆,,ok,1
0490,企,人，止,,ok,2
0491,众,人，人，人,,ok,3
0492,爷（爺）,父，耶,,古,2
0493,伞,伞,,ok,1
0494,创,仓，刂,,ok,2
0495,肌,月，几,,ok,2
0496,肋,月，力,,ok,2
0497,朵,几，木,,ok,2
0498,杂,九，朩,,ok,2
0499,危,厃，㔾,,ok,2
0500,旬,勹，日,,ok,2
0501,旨,匕，曰,是“甘”，写作“曰”,ok,2
0502,旭,九，日,,ok,2
0503,负,负,,ok,1
0504,匈,勹，凶,,ok,2
0505,名,夕，口,,ok,2
0506,各,夂，口,,ok,2
0507,多,多,,ok,1
0508,争,争,,ok,1
0509,色,色,,ok,1
0510,壮,丬，士,,ok,2
0511,冲,冫，中,,ok,2
0512,妆,丬，女,,ok,2
0513,冰,冫，水,,ok,2
0514,庄,广，土,,ok,2
0515,庆,广，大,,ok,2
0516,亦,亦,,ok,1
0517,刘,文，刂,,ok,2
0518,齐,齐,,ok,1
0519,交,交,,ok,1
0520,衣,衣,,ok,1
0521,次,冫，欠,,ok,2
0522,产,产,,ok,1
0523,决,冫，夬,,ok,2
0524,亥,亥,,ok,1
0525,充,充,,ok,1
0526,妄,亡，女,,ok,2
0527,闭,门，才,,ok,2
0528,问,门，口,,ok,2
0529,闯,门，马,,ok,2
0530,羊,羊,,ok,1
0531,并,并,,ok,1
0532,关,关,,ok,1
0533,米,米,,ok,1
0534,灯,火，丁,,ok,2
0535,州,州,,ok,1
0536,汗,氵，干,,ok,2
0537,污,氵，亏,,ok,2
0538,江,氵，工,,ok,2
0539,汛,氵，卂,,ok,2
0540,池,氵，也,,ok,2
0541,汝,氵，女,,ok,2
0542,汤（湯）,氵，昜,,古,2
0543,忙,忄，亡,,ok,2
0544,兴,兴,,ok,1
0545,宇,宀，于,,ok,2
0546,守,宀，寸,,ok,2
0547,宅,宀，乇,,ok,2
0548,字,宀，子,,ok,2
0549,安,宀，女,,ok,2
0550,讲,讠，井,,ok,2
0551,讳,讠，韦,,ok,2
0552,军,冖，车,,ok,2
0553,讶,讠，牙,,ok,2
0554,许,讠，午,,ok,2
0555,讹,讠，化,,ok,2
0556,论,讠，仑,,ok,2
0557,讼,讠，公,,ok,2
0558,农,农,,ok,1
0559,讽,讠，风,,ok,2
0560,设,讠，殳,,ok,2
0561,访,讠，方,,ok,2
0562,诀,讠，夬,,ok,2
0563,寻,彐，寸,,ok,2
0564,那,冄b，阝,,变,2
0565,迅,卂，辶,,ok,2
0566,尽,尺，⺀,,ok,2
0567,导,巳，寸,,ok,2
0568,异,巳，廾,,ok,2
0569,弛,弓，也,,ok,2
0570,孙,子，小,,ok,2
0571,阵,阝，车,,ok,2
0572,阳,阝，日,,ok,2
0573,收,丩，攵,,ok,2
0574,阶,阝，介,,ok,2
0575,阴,阝，月,,ok,2
0576,防,阝，方,,ok,2
0577,奸,女，干,,ok,2
0578,如,女，口,,ok,2
0579,妇,女，彐,,ok,2
0580,妃,女，己,,ok,2
0581,好,女，子,,ok,2
0582,她,女，也,,ok,2
0583,妈,女，马,,ok,2
0584,戏,又，戈,,ok,2
0585,羽,习，习,,ok,2
0586,观,又，见,,ok,2
0587,欢,又，欠,,ok,2
0588,买,买,,ok,1
0589,红,纟，工,,ok,2
0590,驮,马，大,,ok,2
0591,纤,纟，千,,ok,2
0592,驯,马，川,,ok,2
0593,约,纟，勺,,ok,2
0594,级,纟，及,,ok,2
0595,纪,纟，己,,ok,2
0596,驰,马，也,,ok,2
0597,纫,纟，刃,,ok,2
0598,巡,巛，辶,,ok,2
0599,寿,寿,,ok,1
0600,弄,王，廾,,ok,2
0601,麦,麦,,ok,1
0602,玖,王，久,,ok,2
0603,玛,王，马,,ok,2
0604,形,开，彡,,ok,2
0605,进,井，辶,,ok,2
0606,戒,戈，廾,,ok,2
0607,吞,天，口,,ok,2
0608,远,元，辶,,ok,2
0609,违,韦，辶,,ok,2
0610,韧,韦，刃,,ok,2
0611,运,云，辶,,ok,2
0612,扶,扌，夫,,ok,2
0613,抚,扌，无,,ok,2
0614,坛,土，云,,ok,2
0615,技,扌，支,,ok,2
0616,坏,土，不,,ok,2
0617,抠,扌，区,,ok,2
0618,扰,扌，尤,,ok,2
0619,扼,扌，厄,,ok,2
0620,拒,扌，巨,,ok,2
0621,找,扌，戈,,ok,2
0622,批,扌，比,,ok,2
0623,址,土，止,,ok,2
0624,扯,扌，止,,ok,2
0625,走,走,,ok,1
0626,抄,扌，少,,ok,2
0627,贡,工，贝,,ok,2
0628,汞,工，水,,ok,2
0629,坝,土，贝,,ok,2
0630,攻,土，攵,,ok,2
0631,赤,赤,,ok,1
0632,折,扌，斤,,ok,2
0633,抓,扌，爪,,ok,2
0634,扳,扌，反,,ok,2
0635,抡,扌，仑,,ok,2
0636,扮,扌，分,,ok,2
0637,抢,扌，仓,,ok,2
0638,孝,耂，子,,ok,2
0639,坎,土，欠,,ok,2
0640,均,土，匀,,ok,2
0641,抑,扌，卬,,ok,2
0642,抛,扌，九，力,,ok,3
0643,投,扌，殳,,ok,2
0644,坟,土，文,,ok,2
0645,坑,土，亢,,ok,2
0646,抗,扌，亢,,ok,2
0647,坊,土，方,,ok,2
0648,抖,扌，斗,,ok,2
0649,护,扌，户,,ok,2
0650,壳,士，冖，几,,ok,3
0651,志,士，心,,ok,2
0652,块,土，夬,,ok,2
0653,扭,扌，丑,,ok,2
0654,声,声,,ok,1
0655,把,扌，巴,,ok,2
0656,报,扌，𠬝,,ok,2
0657,拟,扌，以,,ok,2
0658,却,去，卩,,ok,2
0659,抒,扌，予,,ok,2
0660,劫,去，力,,ok,2
0661,芙,艹，夫,,ok,2
0662,芜,艹，无,,ok,2
0663,苇,艹，韦,,ok,2
0664,芽,艹，牙,,ok,2
0665,花,艹，化,,ok,2
0666,芹,艹，斤,,ok,2
0667,芥,艹，介,,ok,2
0668,芬,艹，分,,ok,2
0669,苍,艹，仓,,ok,2
0670,芳,艹，方,,ok,2
0671,严,严,,ok,1
0672,芦,艹，户,,ok,2
0673,芯,艹，心,,ok,2
0674,劳（勞）,𤇾，力,,古,2
0675,克,十，兄,,ok,2
0676,芭,艹，巴,,ok,2
0677,苏,艹，办,,ok,2
0678,杆,木，干,,ok,2
0679,杠,木，工,,ok,2
0680,杜,木，土,,ok,2
0681,材,木，才,,ok,2
0682,村,木，寸,,ok,2
0683,杖,木，丈,,ok,2
0684,杏,木，口,,ok,2
0685,杉,木，彡,,ok,2
0686,巫,工，人，人,,ok,3
0687,极,木，及,,ok,2
0688,李,木，子,,ok,2
0689,杨（楊）,木，昜,,古,2
0690,求,求,,ok,1
0691,甫,甫,,ok,1
0692,匣,匚，甲,,ok,2
0693,更,更,,ok,1
0694,束,束,,ok,1
0695,吾,五，口,,ok,2
0696,豆,豆,,ok,1
0697,两,两,,ok,1
0698,酉,酉,,ok,1
0699,丽,丽,,ok,1
0700,医,匚，矢,,ok,2
0701,辰,辰,,ok,1
0702,励,厉，力,,ok,2
0703,否,不，口,,ok,2
0704,还,不，辶,,ok,2
0705,尬,尢，介,,ok,2
0706,歼,歹，千,,ok,2
0707,来,来,,ok,1
0708,连,车，辶,,ok,2
0709,轩,车，干,,ok,2
0710,步,步,,ok,1
0711,卤,卤,,ok,1
0712,坚（堅）,臤，土,,古,2
0713,肖,小b，月,,变,2
0714,旱,日，干,,ok,2
0715,盯,目，丁,,ok,2
0716,呈,口，王,,ok,2
0717,时,日，寸,,ok,2
0718,吴,口，天,,ok,2
0719,助,且，力,,ok,2
0720,县,县,,ok,1
0721,里,田，土,,ok,2
0722,呆,口，木,,ok,2
0723,吱,口，支,,ok,2
0724,吠,口，犬,,ok,2
0725,呕,口，区,,ok,2
0726,园,囗，元,,ok,2
0727,旷,日，广,,ok,2
0728,围,囗，韦,,ok,2
0729,呀,口，牙,,ok,2
0730,吨,口，屯,,ok,2
0731,足,足,,ok,1
0732,邮,由，阝,,ok,2
0733,男,田，力,,ok,2
0734,困,囗，木,,ok,2
0735,吵,口，少,,ok,2
0736,串,串,,ok,1
0737,员,口，贝,,ok,2
0738,呐,口，内,,ok,2
0739,听,口，斤,,ok,2
0740,吟,口，今,,ok,2
0741,吩,口，分,,ok,2
0742,呛,口，仓,,ok,2
0743,吻,口，勿,,ok,2
0744,吹,口，欠,,ok,2
0745,呜,口，乌,,ok,2
0746,吭,口，亢,,ok,2
0747,吧,口，巴,,ok,2
0748,邑,口，巴,,ok,2
0749,吼,口，孔,,ok,2
0750,囤,囗，屯,,ok,2
0751,别,另，刂,,ok,2
0752,吮,口，允,,ok,2
0753,岖,山，区,,ok,2
0754,岗,山，冈,,ok,2
0755,帐,巾，长,,ok,2
0756,财,贝，才,,ok,2
0757,针,钅，十,,ok,2
0758,钉,钅，丁,,ok,2
0759,牡,牜，土,,ok,2
0760,告,告,,ok,1
0761,我,我,,ok,1
0762,乱,舌，乚,,ok,2
0763,利,禾，刂,,ok,2
0764,秃,禾，几,,ok,2
0765,秀,禾，乃,,ok,2
0766,私,禾，厶,,ok,2
0767,每,𠂉，母,,ok,2
0768,兵,斤，廾b,,变,2
0769,估,亻，古,,ok,2
0770,体,亻，本,,ok,2
0771,何,亻，可,,ok,2
0772,佐,亻，左,,ok,2
0773,佑,亻，右,,ok,2
0774,但,亻，旦,,ok,2
0775,伸,亻，申,,ok,2
0776,佃,亻，田,,ok,2
0777,作,亻，乍,,ok,2
0778,伯,亻，白,,ok,2
0779,伶,亻，令,,ok,2
0780,佣,亻，用,,ok,2
0781,低,亻，氐,,ok,2
0782,你,亻，尔,,ok,2
0783,住,亻，主,,ok,2
0784,位,亻，立,,ok,2
0785,伴,亻，半,,ok,2
0786,身,身,,ok,1
0787,皂,白，七,,ok,2
0788,伺,亻，司,,ok,2
0789,佛,亻，弗,,ok,2
0790,囱,囱,,ok,1
0791,近,斤，辶,,ok,2
0792,彻,彳，切,,ok,2
0793,役,彳，殳,,ok,2
0794,返,反，辶,,ok,2
0795,余,余,,ok,1
0796,希,㐅，布,,ok,2
0797,坐,人，人，土,,ok,3
0798,谷,谷,,ok,1
0799,妥,爫，女,,ok,2
0800,含,今，口,,ok,2
0801,邻,令，阝,,ok,2
0802,岔,分，山,,ok,2
0803,肝,月，干,,ok,2
0804,肛,月，工,,ok,2
0805,肚,月，土,,ok,2
0806,肘,月，寸,,ok,2
0807,肠（腸）,月，昜,,古,2
0808,龟,龟,,ok,1
0809,甸,勹，田,,ok,2
0810,免,免,,ok,1
0811,狂,犭，王,,ok,2
0812,犹,犭，尤,,ok,2
0813,狈,犭，贝,,ok,2
0814,角,角,,ok,1
0815,删,册，刂,,ok,2
0816,条,夂，朩,,ok,2
0817,彤,丹，彡,,ok,2
0818,卵,卵,,ok,1
0819,灸,久，火,,ok,2
0820,岛,鸟s，山,,省,2
0821,刨,包，刂,,ok,2
0822,迎,卬，辶,,ok,2
0823,饭,饣，反,,ok,2
0824,饮,饣，欠,,ok,2
0825,系,丿b，糸,,变,2
0826,言,言,,ok,1
0827,冻,冫，东,,ok,2
0828,状,丬，犬,,ok,2
0829,亩,亠，田,,ok,2
0830,况,冫，兄,,ok,2
0831,床,广，木,,ok,2
0832,库,广，车,,ok,2
0833,庇,广，比,,ok,2
0834,疗,疒，了,,ok,2
0835,吝,文，口,,ok,2
0836,应,应,,ok,1
0837,这,文，辶,,ok,2
0838,冷,冫，令,,ok,2
0839,庐,广，户,,ok,2
0840,序,广，予,,ok,2
0841,辛,辛,,ok,1
0842,弃,𠫓，廾,,ok,2
0843,冶,冫，台,,ok,2
0844,忘,亡，心,,ok,2
0845,闰,门，王,,ok,2
0846,闲,门，木,,ok,2
0847,间,门，日,,ok,2
0848,闷,门，心,,ok,2
0849,判,半，刂,,ok,2
0850,兑,兑,,ok,1
0851,灶,火，土,,ok,2
0852,灿,火，山,,ok,2
0853,灼,火，勺,,ok,2
0854,弟,弟,,ok,1
0855,汪,氵，王,,ok,2
0856,沐,氵，木,,ok,2
0857,沛,氵，巿,,ok,2
0858,汰,氵，太,,ok,2
0859,沥,氵，历,,ok,2
0860,沙,氵，少,,ok,2
0861,汽,氵，气,,ok,2
0862,沃,氵，夭,,ok,2
0863,沦,氵，仑,,ok,2
0864,汹,氵，凶,,ok,2
0865,泛,氵，乏,,ok,2
0866,沧,氵，仓,,ok,2
0867,没,氵，殳,,ok,2
0868,沟,氵，勾,,ok,2
0869,沪,氵，户,,ok,2
0870,沈,氵，冘,,ok,2
0871,沉,氵，冗,,ok,2
0872,沁,氵，心,,ok,2
0873,怀,忄，不,,ok,2
0874,忧,忄，尤,,ok,2
0875,忱,忄，冘,,ok,2
0876,快,忄，夬,,ok,2
0877,完,宀，元,,ok,2
0878,宋,宀，木,,ok,2
0879,宏,宀，厷,,ok,2
0880,牢,宀，牛,,ok,2
0881,究,穴，九,,ok,2
0882,穷,穴，力,,ok,2
0883,灾,宀，火,,ok,2
0884,良,良,,ok,1
0885,证,讠，正,,ok,2
0886,启,户，口,,ok,2
0887,评,讠，平,,ok,2
0888,补,衤，卜,,ok,2
0889,初,衤，刀,,ok,2
0890,社,礻，土,,ok,2
0891,祀,礻，巳,,ok,2
0892,识,讠，只,,ok,2
0893,诈,讠，乍,,ok,2
0894,诉,讠，斥,,ok,2
0895,罕,㓁，干,,ok,2
0896,诊,讠，㐱,,ok,2
0897,词,讠，司,,ok,2
0898,译（譯）,讠，睪,,古,2
0899,君,尹，口,,ok,2
0900,灵,彐，火,,ok,2
0901,即,艮b，卩,,变,2
0902,层,尸，云,,ok,2
0903,屁,尸，比,,ok,2
0904,尿,尸，水,,ok,2
0905,尾,尸，毛,,ok,2
0906,迟,尺，辶,,ok,2
0907,局,局,,ok,1
0908,改,己，攵,,ok,2
0909,张,弓，长,,ok,2
0910,忌,己，心,,ok,2
0911,际,阝，示,,ok,2
0912,陆,阝，击,,ok,2
0913,阿,阝，可,,ok,2
0914,陈,阝，东,,ok,2
0915,阻,阝，且,,ok,2
0916,附,阝，付,,ok,2
0917,坠,队，土,,ok,2
0918,妓,女，支,,ok,2
0919,妙,女，少,,ok,2
0920,妖,女，夭,,ok,2
0921,姊,女，𠂔,,ok,2
0922,妨,女，方,,ok,2
0923,妒,女，户,,ok,2
0924,努,奴，力,,ok,2
0925,忍,刃，心,,ok,2
0926,劲（勁）,巠，力,,ok,2
0927,矣,厶，矢,,ok,2
0928,鸡,又，鸟,,ok,2
0929,纬,纟，韦,,ok,2
0930,驱,马，区,,ok,2
0931,纯,纟，屯,,ok,2
0932,纱,纟，少,,ok,2
0933,纲,纟，冈,,ok,2
0934,纳,纟，内,,ok,2
0935,驳,马，爻,,ok,2
0936,纵,纟，从,,ok,2
0937,纷,纟，分,,ok,2
0938,纸,纟，氏,,ok,2
0939,纹,纟，文,,ok,2
0940,纺,纟，方,,ok,2
0941,驴,马，户,,ok,2
0942,纽,纟，丑,,ok,2
0943,奉,奉,,ok,1
0944,玩,王，元,,ok,2
0945,环,王，不,,ok,2
0946,武,戈b，止,,变,2
0947,青,龶，月,,ok,2
0948,责,龶，贝,,ok,2
0949,现,王，见,,ok,2
0950,玫,王，攵,,ok,2
0951,表,表,,ok,1
0952,规,夫，见,,ok,2
0953,抹,扌，末,,ok,2
0954,卦,圭，卜,,ok,2
0955,坷,土，可,,ok,2
0956,坯,土，丕,,ok,2
0957,拓,扌，石,,ok,2
0958,拢,扌，龙,,ok,2
0959,拔,扌，犮,,ok,2
0960,坪,土，平,,ok,2
0961,拣（揀）,扌，柬,,ok,2
0962,坦,土，旦,,ok,2
0963,担,扌，旦,,ok,2
0964,坤,土，申,,ok,2
0965,押,扌，甲,,ok,2
0966,抽,扌，由,,ok,2
0967,拐,扌，另,,ok,2
0968,拖,扌，㐌,,ok,2
0969,者,者,,ok,1
0970,拍,扌，白,,ok,2
0971,顶,丁，页,,ok,2
0972,拆,扌，斥,,ok,2
0973,拎,扌，令,,ok,2
0974,拥,扌，用,,ok,2
0975,抵,扌，氐,,ok,2
0976,拘,扌，句,,ok,2
0977,势,执，力,,ok,2
0978,抱,扌，包,,ok,2
0979,拄,扌，主,,ok,2
0980,垃,土，立,,ok,2
0981,拉,扌，立,,ok,2
0982,拦,扌，兰,,ok,2
0983,幸,幸,,ok,1
0984,拌,扌，半,,ok,2
0985,拧,扌，宁,,ok,2
0986,拂,扌，弗,,ok,2
0987,拙,扌，出,,ok,2
0988,招,扌，召,,ok,2
0989,坡,土，皮,,ok,2
0990,披,扌，皮,,ok,2
0991,拨,扌，发,,ok,2
0992,择（擇）,扌，睪,,古,2
0993,抬,扌，台,,ok,2
0994,拇,扌，母,,ok,2
0995,拗,扌，幼,,ok,2
0996,其,其,,ok,1
0997,取,耳，又,,ok,2
0998,茉,艹，末,,ok,2
0999,苦,艹，古,,ok,2
1000,昔,昔,,ok,1
1001,苛,艹，可,,ok,2
1002,若,艹，右,,ok,2
1003,茂,艹，戊,,ok,2
1004,苹,艹，平,,ok,2
1005,苗,艹，田,,ok,2
1006,英,艹，央,,ok,2
1007,苟,艹，句,,ok,2
1008,苑,艹，夗,,ok,2
1009,苞,艹，包,,ok,2
1010,范,艹，氵，㔾,,ok,3
1011,直,直,,ok,1
1012,茁,艹，出,,ok,2
1013,茄,艹，加,,ok,2
1014,茎,艹，巠,,ok,2
1015,苔,艹，台,,ok,2
1016,茅,艹，矛,,ok,2
1017,枉,木，王,,ok,2
1018,林,木，木,,ok,2
1019,枝,木，支,,ok,2
1020,杯,木，不,,ok,2
1021,枢,木，区,,ok,2
1022,柜,木，巨,,ok,2
1023,枚,木，攵,,ok,2
1024,析,木，斤,,ok,2
1025,板,木，反,,ok,2
1026,松,木，公,,ok,2
1027,枪,木，仓,,ok,2
1028,枫,木，风,,ok,2
1029,构,木，勾,,ok,2
1030,杭,木，亢,,ok,2
1031,杰,木，灬,,ok,2
1032,述,术，辶,,ok,2
1033,枕,木，冘,,ok,2
1034,丧,丧,,ok,1
1035,或,或,,ok,1
1036,画,画,,ok,1
1037,卧,臣，卜,,ok,2
1038,事,事,,ok,1
1039,刺,朿，刂,,ok,2
1040,枣,朿，⺀,,ok,2
1041,雨,雨,,ok,1
1042,卖,十，买,,ok,2
1043,郁,有，阝,,ok,2
1044,矾,石，凡,,ok,2
1045,矿,石，广,,ok,2
1046,码,石，马,,ok,2
1047,厕,厂，则,,ok,2
1048,奈,大，示,,ok,2
1049,奔,大，卉,,ok,2
1050,奇,大，可,,ok,2
1051,奋,大，田,,ok,2
1052,态,太，心,,ok,2
1053,欧,区，欠,,ok,2
1054,殴,区，殳,,ok,2
1055,垄,龙，土,,ok,2
1056,妻,妻,,ok,1
1057,轰,车，双,,ok,2
1058,顷,匕b，页,,变,2
1059,转,车，专,,ok,2
1060,斩,车，斤,,ok,2
1061,轮,车，仑,,ok,2
1062,软,车，欠,,ok,2
1063,到,至，刂,,ok,2
1064,非,非,,ok,1
1065,叔,尗，又,,ok,2
1066,歧,止，支,,ok,2
1067,肯,止，月,,ok,2
1068,齿,齿,,ok,1
1069,些,此，二,,ok,2
1070,卓,卓,,ok,1
1071,虎,虍，几,,ok,2
1072,虏,虍，力,,ok,2
1073,肾（腎）,臤，月,,古,2
1074,贤（賢）,臤，贝,,古,2
1075,尚,尚,,ok,1
1076,旺,日，王,,ok,2
1077,具,具,,ok,1
1078,味,口，未,,ok,2
1079,果,果,,ok,1
1080,昆,日，比,,ok,2
1081,国,囗，玉,,ok,2
1082,哎,口，艾,,ok,2
1083,咕,口，古,,ok,2
1084,昌,日，日,,ok,2
1085,呵,口，可,,ok,2
1086,畅（暢）,申，昜,,古,2
1087,明,日，月,,ok,2
1088,易,日，勿,,ok,2
1089,咙,口，龙,,ok,2
1090,昂,日，卬,,ok,2
1091,迪,由，辶,,ok,2
1092,典,典,,ok,1
1093,固,囗，古,,ok,2
1094,忠,中，心,,ok,2
1095,呻,口，申,,ok,2
1096,咒,吅，几,,ok,2
1097,咋,口，乍,,ok,2
1098,咐,口，付,,ok,2
1099,呼,口，乎,,ok,2
1100,鸣,口，鸟,,ok,2
1101,咏,口，永,,ok,2
1102,呢,口，尼,,ok,2
1103,咄,口，出,,ok,2
1104,咖,口，加,,ok,2
1105,岸,山，厂，干,,ok,3
1106,岩,山，石,,ok,2
1107,帖,巾，占,,ok,2
1108,罗,罒，夕,,ok,2
1109,帜,巾，只,,ok,2
1110,帕,巾，白,,ok,2
1111,岭,山，令,,ok,2
1112,凯,山，己b，几,,变,3
1113,败,贝，攵,,ok,2
1114,账,贝，长,,ok,2
1115,贩,贝，反,,ok,2
1116,贬,贝，乏,,ok,2
1117,购,贝，勾,,ok,2
1118,贮,贝，㝉,,ok,2
1119,图,囗，冬,,ok,2
1120,钓,钅，勺,,ok,2
1121,制,牛，冂，刂,,ok,3
1122,知,矢，口,,ok,2
1123,迭,失，辶,,ok,2
1124,氛,气，分,,ok,2
1125,垂,垂,,ok,1
1126,牧,木，攵,,ok,2
1127,物,牜，勿,,ok,2
1128,乖,千，北,,ok,2
1129,刮,舌，刂,,ok,2
1130,秆,禾，干,,ok,2
1131,和,禾，口,,ok,2
1132,季,禾，子,,ok,2
1133,委,禾，女,,ok,2
1134,秉,禾，彐,,ok,2
1135,佳,亻，圭,,ok,2
1136,侍,亻，寺,,ok,2
1137,岳,丘，山,,ok,2
1138,供,亻，共,,ok,2
1139,使,亻，吏,,ok,2
1140,例,亻，列,,ok,2
1141,侠,亻，夹,,ok,2
1142,侥,亻，尧,,ok,2
1143,版,片，反,,ok,2
1144,侄,亻，至,,ok,2
1145,侦,亻，贞,,ok,2
1146,侣,亻，吕,,ok,2
1147,侧,亻，则,,ok,2
1148,凭,任，几,,ok,2
1149,侨,亻，乔,,ok,2
1150,佩,亻，凡，巾,,ok,3
1151,货,化，贝,,ok,2
1152,侈,亻，多,,ok,2
1153,依,亻，衣,,ok,2
1154,卑,卑,,ok,1
1155,的,白，勺,,ok,2
1156,迫,白，辶,,ok,2
1157,质（質）,斦，贝,,ok,2
1158,欣,斤，欠,,ok,2
1159,征,彳，正,,ok,2
1160,往,彳，主,,ok,2
1161,爬,爪，巴,,ok,2
1162,彼,彳，皮,,ok,2
1163,径（徑）,彳，巠,,古,2
1164,所,户b，斤,,变,2
1165,舍,舍,,ok,1
1166,金,金,,ok,1
1167,刹,杀，刂,,ok,2
1168,命,命,,ok,1
1169,肴,㐅，有,,ok,2
1170,斧,父，斤,,ok,2
1171,爸,父，巴,,ok,2
1172,采,爫，木,,ok,2
1173,觅,爫，见,,ok,2
1174,受,爫，冖，又,,ok,3
1175,乳,孚，乚,,ok,2
1176,贪,今，贝,,ok,2
1177,念,今，心,,ok,2
1178,贫,分，贝,,ok,2
1179,忿,分，心,,ok,2
1180,肤,月，夫,,ok,2
1181,肺,月，巿,,ok,2
1182,肢,月，支,,ok,2
1183,肿,月，中,,ok,2
1184,胀,月，长,,ok,2
1185,朋,月，月,,ok,2
1186,股,月，殳,,ok,2
1187,肮,月，亢,,ok,2
1188,肪,月，方,,ok,2
1189,肥,月，巴,,ok,2
1190,服,月，𠬝,,ok,2
1191,胁,月，办,,ok,2
1192,周,周,,ok,1
1193,昏,氏，日,,ok,2
1194,鱼,鱼,,ok,1
1195,兔,兔,,ok,1
1196,狐,犭，瓜,,ok,2
1197,忽,勿，心,,ok,2
1198,狗,犭，句,,ok,2
1199,狞,犭，宁,,ok,2
1200,备,夂，田,,ok,2
1201,饰,饣，𠂉，巾,,ok,3
1202,饱,饣，包,,ok,2
1203,饲,饣，司,,ok,2
1204,变（變）,䜌，又,,ok,2
1205,京,亠，口，小,,ok,3
1206,享,亠，口，子,,ok,3
1207,庞,广，龙,,ok,2
1208,店,广，占,,ok,2
1209,夜,夜,,ok,1
1210,庙,广，酉,,ok,2
1211,府,广，付,,ok,2
1212,底,广，氐,,ok,2
1213,疟,疒，匚，一,,ok,3
1214,疙,疒，乞,,ok,2
1215,疚,疒，久,,ok,2
1216,剂,齐，刂,,ok,2
1217,卒,卒,,ok,1
1218,郊,交，阝,,ok,2
1219,庚,庚,,ok,1
1220,废,广，发,,ok,2
1221,净,冫，争,,ok,2
1222,盲,亡，目,,ok,2
1223,放,方，攵,,ok,2
1224,刻,亥，刂,,ok,2
1225,育,𠫓，月,,ok,2
1226,氓,亡，民,,ok,2
1227,闸,门，甲,,ok,2
1228,闹,门，市,,ok,2
1229,郑,关，阝,,ok,2
1230,券,龹，刀,,ok,2
1231,卷,龹，㔾,,ok,2
1232,单,单,,ok,1
1233,炬,火，巨,,ok,2
1234,炒,火，少,,ok,2
1235,炊,火，欠,,ok,2
1236,炕,火，亢,,ok,2
1237,炎,火，火,,ok,2
1238,炉,火，户,,ok,2
1239,沫,氵，末,,ok,2
1240,浅,氵，戋,,ok,2
1241,法,氵，去,,ok,2
1242,泄,氵，世,,ok,2
1243,沽,氵，古,,ok,2
1244,河,氵，可,,ok,2
1245,沾,氵，占,,ok,2
1246,沮,氵，且,,ok,2
1246,泪,氵，目,,ok,2
1248,油,氵，由,,ok,2
1249,泊,氵，白,,ok,2
1250,沿,氵，㕣b,,变,2
1251,泡,氵，包,,ok,2
1252,注,氵，主,,ok,2
1253,泣,氵，立,,ok,2
1254,泞,氵，宁,,ok,2
1255,泻,氵，写,,ok,2
1256,泌,氵，必,,ok,2
1257,泳,氵，永,,ok,2
1258,泥,氵，尼,,ok,2
1259,沸,氵，弗,,ok,2
1260,沼,氵，召,,ok,2
1261,波,氵，皮,,ok,2
1262,泼,氵，发,,ok,2
1263,泽,氵，睪,,ok,2
1264,治,氵，台,,ok,2
1265,怔,忄，正,,ok,2
1266,怯,忄，去,,ok,2
1267,怖,忄，布,,ok,2
1268,性,忄，生,,ok,2
1269,怕,忄，白,,ok,2
1270,怜,忄，令,,ok,2
1271,怪,忄，圣,,ok,2
1272,怡,忄，台,,ok,2
1273,学,⺍，冖，子,,ok,3
1274,宝,宀，玉,,ok,2
1275,宗,宀，示,,ok,2
1276,定,宀，正b,,变,2
1277,宠,宀，龙,,ok,2
1278,宜,宀，且,,ok,2
1279,审,宀，申,,ok,2
1280,宙,宀，由,,ok,2
1281,官,宀，㠯,,ok,2
1282,空,穴，工,,ok,2
1283,帘,穴，巾,,ok,2
1284,宛,宀，夗,,ok,2
1285,实,宀，头,,ok,2
1286,试,讠，式,,ok,2
1287,郎,良b，阝,,变,2
1288,诗,讠，寺,,ok,2
1289,肩,户，月,,ok,2
1290,房,户，方,,ok,2
1291,诚,讠，成,,ok,2
1292,衬,衤，寸,,ok,2
1293,衫,衤，彡,,ok,2
1294,视,礻，见,,ok,2
1295,祈,礻，斤,,ok,2
1296,话,讠，舌,,ok,2
1297,诞,讠，延,,ok,2
1298,诡,讠，危,,ok,2
1299,询,讠，旬,,ok,2
1300,该,讠，亥,,ok,2
1301,详,讠，羊,,ok,2
1302,建,廴，聿,,ok,2
1303,肃,肃,,ok,1
1304,录,录,,ok,1
1305,隶,隶,,ok,1
1306,帚,彐，冖，巾,,ok,3
1307,屉,尸，世,,ok,2
1308,居,尸，古,,ok,2
1309,届,尸，由,,ok,2
1310,刷,尸，巾，刂,,ok,3
1311,屈,尸，出,,ok,2
1312,弧,弓，瓜,,ok,2
1313,弥,弓，尔,,ok,2
1314,弦,弓，玄,,ok,2
1315,承,承,,ok,1
1316,孟,子，皿,,ok,2
1317,陋,阝，丙，𠃊,,ok,3
1318,陌,阝，百,,ok,2
1319,孤,子，瓜,,ok,2
1320,陕,阝，夹,,ok,2
1321,降,阝，夅,,ok,2
1322,函,函,,ok,1
1323,限,阝，艮,,ok,2
1324,妹,女，未,,ok,2
1325,姑,女，古,,ok,2
1326,姐,女，且,,ok,2
1327,姓,女，生,,ok,2
1328,妮,女，尼,,ok,2
1329,始,女，台,,ok,2
1330,姆,女，母,,ok,2
1331,迢,召，辶,,ok,2
1332,驾,加，马,,ok,2
1333,叁,厶，大，三,,ok,3
1334,参,厶，大，彡,,ok,3
1335,艰,又，艮,,ok,2
1336,线,纟，戋,,ok,2
1337,练（練）,纟，柬,,古,2
1338,组,纟，且,,ok,2
1339,绅,纟，申,,ok,2
1340,细,纟，田,,ok,2
1341,驶,马，史,,ok,2
1342,织,纟，只,,ok,2
1343,驹,马，句,,ok,2
1344,终,纟，冬,,ok,2
1345,驻,马，主,,ok,2
1346,绊,纟，半,,ok,2
1347,驼,马，它,,ok,2
1348,绍,纟，召,,ok,2
1349,绎（繹）,纟，睪,,古,2
1350,经（經）,纟，巠,,古,2
1351,贯,毌，贝,,ok,2
1352,契,㓞，大,,ok,2
1353,贰,弍，贝,,ok,2
1354,奏,，天,,ok,2
1355,春,，日,,ok,2
1356,帮,邦，巾,,ok,2
1357,玷,王，占,,ok,2
1358,珍,王，㐱,,ok,2
1359,玲,王，令,,ok,2
1360,珊,王，册,,ok,2
1361,玻,王，皮,,ok,2
1362,毒,龶，母,,ok,2
1363,型,刑，土,,ok,2
1364,拭,扌，式,,ok,2
1365,挂,扌，圭,,ok,2
1366,封,圭，寸,,ok,2
1367,持,扌，寺,,ok,2
1368,拷,扌，考,,ok,2
1369,拱,扌，共,,ok,2
1370,项,工，页,,ok,2
1371,垮,土，夸,,ok,2
1372,挎,扌，夸,,ok,2
1373,城,土，成,,ok,2
1374,挟,扌，夹,,ok,2
1375,挠,扌，尧,,ok,2
1376,政,正，攵,,ok,2
1377,赴,走，卜,,ok,2
1378,赵,走，㐅,,ok,2
1379,挡,扌，当,,ok,2
1380,拽,扌，曳,,ok,2
1381,哉,𢦏，口,,ok,2
1382,挺,扌，廷,,ok,2
1383,括,扌，舌,,ok,2
1384,垢,土，后,,ok,2
1385,拴,扌，全,,ok,2
1386,拾,扌，合,,ok,2
1387,挑,扌，兆,,ok,2
1388,垛,土，朵,,ok,2
1389,指,扌，旨,,ok,2
1390,垫,执，土,,ok,2
1391,挣,扌，争,,ok,2
1392,挤,扌，齐,,ok,2
1393,拼,扌，并,,ok,2
1394,挖,扌，穵,,ok,2
1395,按,扌，安,,ok,2
1396,挥,扌，军,,ok,2
1397,挪,扌，那,,ok,2
1398,拯,扌，丞,,ok,2
1399,某,甘，木,,ok,2
1400,甚,甚,,ok,1
1401,荆,艹，开，刂,,ok,3
1402,茸,艹，耳,,ok,2
1403,革,革,,ok,1
1404,茬,艹，在,,ok,2
1405,荐,艹，存,,ok,2
1406,巷,共，巳,,ok,2
1407,带（帶）,带,,ok,1
1408,草,艹，早,,ok,2
1409,茧,艹，虫,,ok,2
1410,茵,艹，因,,ok,2
1411,茶,艹，人，朩,,ok,3
1412,荒,艹，巟,,ok,2
1413,茫,艹，氵，亡,,ok,3
1414,荡,艹，汤,,ok,2
1415,荣（榮）,𤇾，木,,古,2
1416,荤,艹，军,,ok,2
1417,荧（熒）,𤇾，火,,古,2
1418,故,古，攵,,ok,2
1419,胡,古，月,,ok,2
1420,荫,艹，阴,,ok,2
1421,荔,艹，力，力，力,,ok,4
1422,南,南,,ok,1
1423,药,艹，约,,ok,2
1424,标,木，示,,ok,2
1425,栈,木，戋,,ok,2
1426,柑,木，甘,,ok,2
1427,枯,木，古,,ok,2
1428,柄,木，丙,,ok,2
1429,栋,木，东,,ok,2
1430,相,木，目,,ok,2
1431,查,木，旦,,ok,2
1432,柏,木，白,,ok,2
1433,栅,木，册,,ok,2
1434,柳,木，卯,,ok,2
1435,柱,木，主,,ok,2
1436,柿,木，市,,ok,2
1437,栏,木，兰,,ok,2
1438,柠,木，宁,,ok,2
1439,树,木，对,,ok,2
1440,勃,孛，力,,ok,2
1441,要,覀，女,,ok,2
1442,柬,柬,,ok,1
1443,咸,咸,,ok,1
1444,威,戌，女,,ok,2
1445,歪,不，正,,ok,2
1446,研,石，开,,ok,2
1447,砖,石，专,,ok,2
1448,厘,厂，里,,ok,2
1449,厚,厂，㫗,,ok,2
1450,砌,石，切,,ok,2
1451,砂,石，少,,ok,2
1452,泵,石，水,,ok,2
1453,砚,石，见,,ok,2
1454,砍,石，欠,,ok,2
1455,面,面,,ok,1
1456,耐,耐，寸,,ok,2
1457,耍,而，女,,ok,2
1458,牵,大，冖，牛,,ok,3
1459,鸥,区，鸟,,ok,2
1460,残,歹，戋,,ok,2
1461,殃,歹，央,,ok,2
1462,轴,车，由,,ok,2
1463,轻（輕）,车，巠,,古,2
1464,鸦,牙，鸟,,ok,2
1465,皆,比，白,,ok,2
1466,韭,韭,,ok,1
1467,背,北，月,,ok,2
1468,战,占，戈,,ok,2
1469,点,占，灬,,ok,2
1470,虐,虍，匚，一,,ok,3
1471,临（臨）,臣，𠂉，品,,ok,3
1472,览（覽）,监b，见,,变,2
1473,竖（竪）,臤，立,,古,2
1474,省,少，目,,ok,2
1475,削,肖，刂,,ok,2
1476,尝,龸，云,,ok,2
1477,昧,日，未,,ok,2
1478,盹,目，屯,,ok,2
1479,是,是,,ok,1
1480,盼,目，分,,ok,2
1481,眨,目，乏,,ok,2
1482,哇,口，圭,,ok,2
1483,哄,口，共,,ok,2
1484,哑,口，亚,,ok,2
1485,显,曰，业,,ok,2
1486,冒,⺜，目,,ok,2
1487,映,日，央,,ok,2
1488,星,日，生,,ok,2
1489,昨,日，乍,,ok,2
1490,咧,口，列,,ok,2
1491,昭,日，召,,ok,2
1492,畏,畏,,ok,1
1493,趴,⻊，八,,ok,2
1494,胃,田，月,,ok,2
1495,贵,贵,,ok,1
1496,界,田，介,,ok,2
1497,虹,虫，工,,ok,2
1498,虾,虫，下,,ok,2
1499,蚁,虫，义,,ok,2
1500,思,田，心,,ok,2
1501,蚂,虫，马,,ok,2
1502,虽,口，虫,,ok,2
1503,品,吅，口,,ok,2
1504,咽,口，因,,ok,2
1505,骂,吅，马,,ok,2
1506,勋,员，力,,ok,2
1507,哗,口，华,,ok,2
1508,咱,口，自,,ok,2
1509,响,口，向,,ok,2
1510,哈,口，合,,ok,2
1511,哆,口，多,,ok,2
1512,咬,口，交,,ok,2
1513,咳,口，亥,,ok,2
1514,咪,口，米,,ok,2
1515,哪,口，那,,ok,2
1516,哟,口，约,,ok,2
1517,炭,山，灰,,ok,2
1518,峡,山，夹,,ok,2
1519,罚,罒，讠，刂,,ok,3
1520,贱,贝，戋,,ok,2
1521,贴,贝，占,,ok,2
1522,贻,贝，台,,ok,2
1523,骨,骨,,ok,1
1524,幽,山，幺，幺,,ok,3
1525,钙,钅，丐,,ok,2
1526,钝,钅，屯,,ok,2
1527,钞,钅，少,,ok,2
1528,钟,钅，中,,ok,2
1529,钢,钅，冈,,ok,2
1530,钠,钅，内,,ok,2
1531,钥,钅，月,,ok,2
1532,钦,钅，欠,,ok,2
1533,钧,钅，匀,,ok,2
1534,钩,钅，勾,,ok,2
1535,钮,钅，丑,,ok,2
1536,卸,𦈢，卩,,ok,2
1537,缸,缶，工,,ok,2
1538,拜,龵，一，丰,,ok,3
1539,看,龵，目,,ok,2
1540,矩,矢，巨,,ok,2
1541,毡,毛，占,,ok,2
1542,氢（氫）,气，巠,,古,2
1543,怎,乍，心,,ok,2
1544,牲,牜，生,,ok,2
1545,选,先，辶,,ok,2
1546,适,舌，辶,,ok,2
1547,秒,禾，少,,ok,2
1548,香,禾，日,,ok,2
1549,种,禾，中,,ok,2
1550,秋,禾，火,,ok,2
1551,科,禾，斗,,ok,2
1552,重,重,,ok,1
1553,复,复,,ok,1
1554,竿,⺮，干,,ok,2
1555,段,段,,ok,1
1556,便,亻，更,,ok,2
1557,俩,亻，两,,ok,2
1558,贷,代，贝,,ok,2
1559,顺,川，页,,ok,2
1560,修,亻，丨，夂，彡,,ok,4
1561,俏,亻，肖,,ok,2
1562,保,亻，呆,,ok,2
1563,促,亻，足,,ok,2
1564,俄,亻，我,,ok,2
1565,俐,亻，利,,ok,2
1566,侮,亻，每,,ok,2
1567,俭,亻，佥,,ok,2
1568,俗,亻，谷,,ok,2
1569,俘,亻，孚,,ok,2
1570,信,亻，言,,ok,2
1571,皇,白，王,,ok,2
1572,泉,白，水,,ok,2
1573,鬼,鬼,,ok,1
1574,侵,亻，彐，冖，又,,ok,4
1575,禹,禹,,ok,1
1576,侯（矦）,亻，厂，矢,,古,3
1577,追,𠂤，辶,,ok,2
1578,俊,亻，夋,,ok,2
1579,盾,盾,,ok,1
1580,待,彳，寺,,ok,2
1581,徊,彳，回,,ok,2
1582,衍,行，氵,,ok,2
1583,律,彳，聿,,ok,2
1584,很,彳，艮,,ok,2
1585,须,彡，页,,ok,2
1586,叙,余，又,,ok,2
1587,剑,佥，刂,,ok,2
1588,逃,兆，辶,,ok,2
1589,食,食,,ok,1
1590,盆,分，皿,,ok,2
1591,胚,月，丕,,ok,2
1592,胧,月，龙,,ok,2
1593,胆,月，旦,,ok,2
1594,胜,月，生,,ok,2
1595,胞,月，包,,ok,2
1596,胖,月，半,,ok,2
1597,脉,月，永,,ok,2
1598,胎,月，台,,ok,2
1599,勉,免，力,,ok,2
1600,狭,犭，夹,,ok,2
1601,狮,犭，师,,ok,2
1602,独,犭，虫,,ok,2
1603,狰,犭，争,,ok,2
1604,狡,犭，交,,ok,2
1605,狱,犭，讠，犬,,ok,3
1606,狠,犭，艮,,ok,2
1607,贸,卯b，贝,,变,2
1608,怨,夗，心,,ok,2
1609,急,刍，心,,ok,2
1610,饵,饣，耳,,ok,2
1611,饶,饣，尧,,ok,2
1612,蚀,饣，虫,,ok,2
1613,饺,饣，交,,ok,2
1614,饼,饣，并,,ok,2
1615,峦（巒）,䜌，山,,ok,2
1616,弯（彎）,䜌，弓,,ok,2
1617,将,丬，夕，寸,,ok,3
1618,奖,丬，夕，大,,ok,3
1619,哀,衣，口,,ok,2
1620,亭,高s，丁,,省,2
1621,亮,高s，几,,省,2
1622,度,庶s，又,,省,2
1623,迹,亦，辶,,ok,2
1624,庭,疒，廷,,ok,2
1625,疮,疒，仓,,ok,2
1626,疯,疒，风,,ok,2
1627,疫,疒，殳,,ok,2
1628,疤,疒，巴,,ok,2
1629,咨,次，口,,ok,2
1630,姿,次，女,,ok,2
1631,亲,亲,,ok,1
1632,音,音,,ok,1
1633,帝,帝,,ok,1
1634,施,㫃，也,,ok,2
1635,闺,门，圭,,ok,2
1636,闻,门，耳,,ok,2
1637,闽,门，虫,,ok,2
1638,阀,门，伐,,ok,2
1639,阁,门，各,,ok,2
1640,差,⺶，工,,ok,2
1641,养（養）,羊，食,,古,2
1642,美,⺷，大,,ok,2
1643,姜,⺷，女,,ok,2
1644,叛,半，反,,ok,2
1645,送,关，辶,,ok,2
1646,类,米，大,,ok,2
1647,迷,米，辶,,ok,2
1648,籽,米，子,,ok,2
1649,娄,米，女,,ok,2
1650,前,前,,ok,1
1651,首,首,,ok,1
1652,逆,屰，辶,,ok,2
1653,兹,兹,,ok,1
1654,总,总,,ok,1
1655,炼（煉）,火，柬,,ok,2
1656,炸,火，乍,,ok,2
1657,烁,火，乐,,ok,2
1658,炮,火，包,,ok,2
1659,炫,火，玄,,ok,2
1660,烂,火，兰,,ok,2
1661,剃,弟，刂,,ok,2
1662,洼,氵，圭,,ok,2
1663,洁,氵，吉,,ok,2
1664,洪,氵，共,,ok,2
1665,洒,氵，西,,ok,2
1666,柒,氵，七，木,,ok,3
1667,浇,氵，尧,,ok,2
1668,浊,氵，虫,,ok,2
1669,洞,氵，同,,ok,2
1670,测,氵，则,,ok,2
1671,洗,氵，先,,ok,2
1672,活,氵，舌,,ok,2
1673,派,氵，𠂢b,,变,2
1674,洽,氵，合,,ok,2
1675,染,氵，九，木,,ok,3
1676,洛,氵，各,,ok,2
1677,浏,氵，刘,,ok,2
1678,济,氵，齐,,ok,2
1679,洋,氵，羊,,ok,2
1680,洲,氵，州,,ok,2
1681,浑,氵，军,,ok,2
1682,浓,氵，农,,ok,2
1683,津,氵，聿,,ok,2
1684,恃,忄，寺,,ok,2
1685,恒,忄，亘,,ok,2
1686,恢,忄，灰,,ok,2
1687,恍,忄，光,,ok,2
1688,恬,忄，舌,,ok,2
1689,恤,忄，血,,ok,2
1690,恰,忄，合,,ok,2
1691,恼（惱）,忄，巛，囟,,古,3
1692,恨,忄，艮,,ok,2
1693,举（擧）,與，手,,古,2
1694,觉,⺍，冖，见,,ok,3
1695,宣,宀，亘,,ok,2
1696,宦,宀，臣,,ok,2
1697,室,宀，至,,ok,2
1698,宫,宀，吕,,ok,2
1699,宪,宀，先,,ok,2
1700,突,穴，犬,,ok,2
1701,穿,穴，牙,,ok,2
1702,窃,穴，切,,ok,2
1703,客,宀，各,,ok,2
1704,诫,讠，戒,,ok,2
1705,冠,冖，元，寸,,ok,3
1706,诬,讠，巫,,ok,2
1707,语,讠，吾,,ok,2
1708,扁,扁,,ok,1
1709,袄,衤，夭,,ok,2
1710,祖,礻，且,,ok,2
1711,神,礻，申,,ok,2
1712,祝,礻，兄,,ok,2
1713,祠,礻，司,,ok,2
1714,误,讠，吴,,ok,2
1715,诱,讠，秀,,ok,2
1716,诲,讠，每,,ok,2
1717,说,讠，兑,,ok,2
1718,诵,讠，甬,,ok,2
1719,垦,艮，土,,ok,2
1720,退,艮，辶,,ok,2
1721,既,艮b，旡,,变,2
1722,屋,尸，至,,ok,2
1723,昼,尺，旦,,ok,2
1724,屏,尸，并,,ok,2
1725,屎,尸，米,,ok,2
1726,费,弗，贝,,ok,2
1727,陡,阝，走,,ok,2
1728,逊,孙，辶,,ok,2
1729,眉,眉,,ok,1
1730,孩,子，亥,,ok,2
1731,陨,阝，员,,ok,2
1732,除,阝，余,,ok,2
1733,险,阝，佥,,ok,2
1734,院,阝，完,,ok,2
1735,娃,女，圭,,ok,2
1736,姥,女，老,,ok,2
1737,姨,女，夷,,ok,2
1738,姻,女，因,,ok,2
1739,娇,女，乔,,ok,2
1740,姚,女，兆,,ok,2
1741,娜,女，那,,ok,2
1742,怒,奴，心,,ok,2
1743,架,加，木,,ok,2
1744,贺,加，贝,,ok,2
1745,盈,乃，又，皿,,ok,3
1746,勇,甬，力,,ok,2
1747,怠,台，心,,ok,2
1748,癸,癸,,ok,1
1749,蚤,叉，虫,,ok,2
1750,柔,矛，木,,ok,2
1751,垒,厽，土,,ok,2
1752,绑,纟，邦,,ok,2
1753,绒,纟，戎,,ok,2
1754,结,纟，吉,,ok,2
1755,绕,纟，尧,,ok,2
1756,骄,马，乔,,ok,2
1757,绘,纟，会,,ok,2
1758,给,纟，合,,ok,2
1759,绚,纟，旬,,ok,2
1760,骆,马，各,,ok,2
1761,络,纟，各,,ok,2
1762,绝,纟，色,,ok,2
1763,绞,纟，交,,ok,2
1764,骇,马，亥,,ok,2
1765,统,纟，充,,ok,2
1766,耕,耒，井,,ok,2
1767,耘,耒，云,,ok,2
1768,耗,耒，毛,,ok,2
1769,耙,耒，巴,,ok,2
1769,艳,丰，色,,ok,2
1771,泰,，氺,,ok,2
1772,秦,，禾,,ok,2
1773,珠,王，朱,,ok,2
1774,班,王，刀b，王,,变,3
1775,素,龶，糸,,ok,2
1776,匿,匚，若,,ok,2
1777,蚕,天，虫,,ok,2
1778,顽,元，页,,ok,2
1779,盏,戋，皿,,ok,2
1780,匪,匚，非,,ok,2
1781,捞,扌，劳,,ok,2
1782,栽,𢦏，木,,ok,2
1783,捕,扌，甫,,ok,2
1784,埂,土，更,,ok,2
1785,捂,扌，吾,,ok,2
1786,振,扌，辰,,ok,2
1787,载,𢦏，车,,ok,2
1788,赶,走，干,,ok,2
1789,起,走，己,,ok,2
1790,盐,土，卜，皿,,ok,3
1791,捎,扌，肖,,ok,2
1792,捍,扌，旱,,ok,2
1792,捏,扌，圼,,ok,2
1794,埋,土，里,,ok,2
1795,捉,扌，足,,ok,2
1796,捆,扌，困,,ok,2
1797,捐,扌，肙,,ok,2
1798,损,扌，员,,ok,2
1799,袁,袁,,ok,1
1800,捌,扌，别,,ok,2
1801,都,者，阝,,ok,2
1802,哲,折，口,,ok,2
1803,逝,折，辶,,ok,2
1804,捡,扌，佥,,ok,2
1805,挫,扌，坐,,ok,2
1806,换,扌，奂,,ok,2
1807,挽,扌，免,,ok,2
1808,挚,执，手,,ok,2
1809,热,执，灬,,ok,2
1810,恐,巩，心,,ok,2
1811,捣,扌，岛,,ok,2
1812,壶,士，冖，业,,ok,3
1813,捅,扌，甬,,ok,2
1814,埃,土，矣,,ok,2
1815,挨,扌，矣,,ok,2
1816,耻,耳，止,,ok,2
1817,耿,耳，火,,ok,2
1818,耽,耳，冘,,ok,2
1819,聂,耳，双,,ok,2
1820,恭,共，⺗,,ok,2
1821,莽,艹，犬，廾,,ok,3
1822,莱,艹，来,,ok,2
1823,莲,艹，连,,ok,2
1824,莫,艹，日，大,,ok,3
1825,莉,艹，利,,ok,2
1826,荷,艹，何,,ok,2
1827,获,艹，犭，犬,,ok,3
1828,晋,亚，日,,ok,2
1829,恶,亚，心,,ok,2
1830,莹（瑩）,𤇾，玉,,古,2
1831,莺（鶯）,𤇾，鸟,,古,2
1832,真,真,,ok,1
1833,框,木，匡,,ok,2
1834,梆,木，邦,,ok,2
1835,桂,木，圭,,ok,2
1836,桔,木，吉,,ok,2
1837,栖,木，西,,ok,2
1838,档,木，当,,ok,2
1839,桐,木，同,,ok,2
1840,株,木，朱,,ok,2
1841,桥,木，乔,,ok,2
1842,桦,木，华,,ok,2
1843,栓,木，全,,ok,2
1844,桃,木，兆,,ok,2
1845,格,木，各,,ok,2
1846,桩,木，庄,,ok,2
1847,校,木，交,,ok,2
1848,核,木，亥,,ok,2
1849,样,木，羊,,ok,2
1850,根,木，艮,,ok,2
1851,索,十，冖，糸,,ok,3
1852,哥,可，可,,ok,2
1853,速,束，辶,,ok,2
1854,逗,豆，辶,,ok,2
1855,栗,覀，木,,ok,2
1856,贾,覀，贝,,ok,2
1857,酌,酉，勺,,ok,2
1858,配,酉，己,,ok,2
1859,翅,支，羽,,ok,2
1860,辱,辰，寸,,ok,2
1861,唇,辰，口,,ok,2
1862,夏,夏,,ok,1
1863,砸,石，匝,,ok,2
1864,砰,石，平,,ok,2
1865,砾,石，乐,,ok,2
1866,础,石，出,,ok,2
1867,破,石，皮,,ok,2
1868,原,原,,ok,1
1869,套,大，镸,,ok,2
1870,逐,豕，辶,,ok,2
1871,烈,列，灬,,ok,2
1872,殊,歹，朱,,ok,2
1873,殉,歹，旬,,ok,2
1874,顾,厄，页,,ok,2
1875,轿,车，乔,,ok,2
1876,较,车，交,,ok,2
1877,顿,屯，页,,ok,2
1878,毙,比，死,,ok,2
1879,致,至，攵,,ok,2
1880,柴,此，木,,ok,2
1881,桌,卓s，木,,省,2
1882,虑,虍，心,,ok,2
1883,监,临s，皿,,省,2
1884,紧（緊）,臤，糸,,古,2
1885,党,尚，儿,,ok,2
1886,逞,呈，辶,,ok,2
1887,晒,日，西,,ok,2
1888,眠,目，民,,ok,2
1889,晓,日，尧,,ok,2
1890,哮,口，孝,,ok,2
1891,唠,口，劳,,ok,2
1892,鸭,甲，鸟,,ok,2
1893,晃,日，光,,ok,2
1894,哺,口，甫,,ok,2
1895,晌,日，向,,ok,2
1896,剔,易，刂,,ok,2
1897,晕,日，军,,ok,2
1898,蚌,虫，丰,,ok,2
1899,畔,田，半,,ok,2
1900,蚣,虫，公,,ok,2
1901,蚊,虫，文,,ok,2
1902,蚪,虫，斗,,ok,2
1903,蚓,虫，引,,ok,2
1904,哨,口，肖,,ok,2
1905,哩,口，里,,ok,2
1906,圃,囗，甫,,ok,2
1907,哭,吅，犬,,ok,2
1908,哦,口，我,,ok,2
1909,恩,因，心,,ok,2
1910,鸯,央，鸟,,ok,2
1911,唤,口，奂,,ok,2
1912,唁,口，言,,ok,2
1913,哼,口，亨,,ok,2
1914,唧,口，即,,ok,2
1915,啊,口，阿,,ok,2
1916,唉,口，矣,,ok,2
1917,唆,口，夋,,ok,2
1918,罢,罒，去,,ok,2
1919,峭,山，肖,,ok,2
1920,峨,山，我,,ok,2
1921,峰,山，夆,,ok,2
1922,圆,囗，员,,ok,2
1923,峻,山，夋,,ok,2
1924,贼,贝，戎,,ok,2
1925,贿,贝，有,,ok,2
1926,赂,贝，各,,ok,2
1927,赃,贝，庄,,ok,2
1928,钱,钅，戋,,ok,2
1929,钳,钅，甘,,ok,2
1930,钻,钅，占,,ok,2
1931,钾,钅，甲,,ok,2
1932,铁,钅，失,,ok,2
1933,铃,钅，令,,ok,2
1934,铅,钅，㕣b,,变,2
1935,缺,缶，夬,,ok,2
1936,氧,气，米,,ok,2
1937,氨,气，安,,ok,2
1938,特,牜，寺,,ok,2
1939,牺,牜，西,,ok,2
1940,造,告，辶,,ok,2
1941,乘,禾，北,,ok,2
1942,敌,舌，攵,,ok,2
1943,秤,禾，平,,ok,2
1944,租,禾，且,,ok,2
1945,积,禾，只,,ok,2
1946,秧,禾，央,,ok,2
1947,秩,禾，失,,ok,2
1948,称,禾，尔,,ok,2
1949,秘,禾，必,,ok,2
1950,透,秀，辶,,ok,2
1951,笔,⺮，毛,,ok,2
1952,笑,⺮，夭,,ok,2
1953,笋,⺮，尹,,ok,2
1954,债,亻，责,,ok,2
1955,借,亻，昔,,ok,2
1956,值,亻，直,,ok,2
1957,倚,亻，奇,,ok,2
1958,俺,亻，奄,,ok,2
1959,倾,亻，顷,,ok,2
1960,倒,亻，到,,ok,2
1961,倘,亻，尚,,ok,2
1962,俱,亻，具,,ok,2
1963,倡,亻，昌,,ok,2
1964,候,侯，丨,,ok,2
1965,赁,任，贝,,ok,2
1966,俯,亻，府,,ok,2
1967,倍,亻，咅,,ok,2
1968,倦,亻，卷,,ok,2
1969,健,亻，建,,ok,2
1970,臭,自，犬,,ok,2
1971,射,身，寸,,ok,2
1972,躬,身，弓,,ok,2
1973,息,自，心,,ok,2
1974,倔,亻，屈,,ok,2
1975,徒,彳，走,,ok,2
1976,徐,彳，余,,ok,2
1977,殷,㐆，殳,,ok,2
1978,舰,舟，见,,ok,2
1979,舱,舟，仓,,ok,2
1980,般,舟，殳,,ok,2
1981,航,舟，亢,,ok,2
1982,途,余，辶,,ok,2
1983,拿,合，手,,ok,2
1984,耸,从，耳,,ok,2
1985,爹,父，多,,ok,2
1986,爱,爱,,ok,1
1986,舀,爫，臼,,ok,2
1988,豺,豸，才,,ok,2
1989,豹,豸，勺,,ok,2
1990,颁,分，页,,ok,2
1991,颂,公，页,,ok,2
1992,翁,公，羽,,ok,2
1993,胰,月，夷,,ok,2
1994,脆,月，危,,ok,2
1995,脂,月，旨,,ok,2
1996,胸,月，匈,,ok,2
1997,胳,月，各,,ok,2
1998,脏,月，庄,,ok,2
1999,脐,月，齐,,ok,2
2000,胶,月，交,,ok,2
2001,脑（腦）,月，巛，囟,,古,3
2002,脓,月，农,,ok,2
2003,逛,狂，辶,,ok,2
2004,狸,犭，里,,ok,2
2005,狼,犭，良,,ok,2
2006,卿,卯，皀,,ok,2
2007,逢,夆，辶,,ok,2
2008,鸵,鸟，它,,ok,2
2009,留（畱）,丣，田,,古,2
2010,鸳,夗，鸟,,ok,2
2011,皱,刍，皮,,ok,2
2012,饿,饣，我,,ok,2
2013,馁,饣，妥,,ok,2
2014,凌,冫，夌,,ok,2
2015,凄,冫，妻,,ok,2
2016,恋（戀）,䜌，心,,ok,2
2017,桨,丬，夕，木,,ok,3
2018,浆,丬，夕，水,,ok,3
2019,衰,衣，口，一,,ok,3
2020,衷,衣，中,,ok,2
2021,高,高,,ok,1
2022,郭,享，阝,,ok,2
2023,席,庶s，巾,,省,2
2024,准,冫，隹,,ok,2
2025,座,广，坐,,ok,2
2026,症,疒，正,,ok,2
2027,病,疒，丙,,ok,2
2028,疾,疒，矢,,ok,2
2029,斋,文，而,,ok,2
2030,疹,疒，㐱,,ok,2
2031,疼,疒，冬,,ok,2
2032,疲,疒，皮,,ok,2
2033,脊,脊,,ok,1
2034,效,交，攵,,ok,2
2035,离,离,,ok,1
2036,紊,文，糸,,ok,2
2037,唐,唐,,ok,1
2038,瓷,次，瓦,,ok,2
2039,资,次，贝,,ok,2
2040,凉,冫，京,,ok,2
2041,站,立，占,,ok,2
2042,剖,咅，刂,,ok,2
2043,竞,咅，儿,,ok,2
2044,部,咅，阝,,ok,2
2045,旁,旁,,ok,1
2046,旅,㫃，𧘇b,,变,2
2047,畜,玄，田,,ok,2
2048,阅,门，兑,,ok,2
2049,羞,羊，丑,,ok,2
2050,羔,⺷，灬,,ok,2
2051,瓶,并，瓦,,ok,2
2052,拳,龹，手,,ok,2
2053,粉,米，分,,ok,2
2054,料,米，斗,,ok,2
2055,益,益,,ok,1
2056,兼,兼,,ok,1
2057,烤,火，考,,ok,2
2058,烘,火，共,,ok,2
2059,烦,火，页,,ok,2
2060,烧,火，尧,,ok,2
2061,烛,火，虫,,ok,2
2062,烟,火，因,,ok,2
2063,烙,火，各,,ok,2
2064,递,弟，辶,,ok,2
2065,涛,氵，寿,,ok,2
2066,浙,氵，折,,ok,2
2067,涝,氵，劳,,ok,2
2068,浦,氵，甫,,ok,2
2069,酒,氵，酉,,ok,2
2070,涉,氵，步,,ok,2
2071,消,氵，肖,,ok,2
2072,浩,氵，告,,ok,2
2072,涡,氵，呙,,ok,2
2073,海,氵，每,,ok,2
2074,涂,氵，余,,ok,2
2075,浴,氵，谷,,ok,2
2076,浮,氵，孚,,ok,2
2078,涣,氵，奂,,ok,2
2079,涤,氵，条,,ok,2
2080,流,氵，㐬,,ok,2
2081,润,氵，闰,,ok,2
2082,涧,氵，间,,ok,2
2083,涕,氵，弟,,ok,2
2084,浪,氵，良,,ok,2
2085,浸,氵，彐，冖，又,,ok,4
2086,涨,氵，张,,ok,2
2087,烫,汤，火,,ok,2
2088,涩,氵，刃，止,,ok,3
2089,涌,氵，甬,,ok,2
2090,悖,忄，孛,,ok,2
2091,悟,忄，吾,,ok,2
2092,悄,忄，肖,,ok,2
2093,悍,忄，旱,,ok,2
2094,悔,忄，每,,ok,2
2095,悯,忄，闵,,ok,2
2096,悦,忄，兑,,ok,2
2097,害,宀，丯b，口,,变,3
2098,宽,宀，艹，见,,ok,3
2099,家,宀，豕,,ok,2
2100,宵,宀，肖,,ok,2
2101,宴,宀，日，女,,ok,3
2102,宾,宀，兵,,ok,2
2103,窍,穴，巧,,ok,2
2104,窄,穴，乍,,ok,2
2105,容,宀，谷,,ok,2
2106,宰,宀，辛,,ok,2
2107,案,安，木,,ok,2
2108,请,讠，青,,ok,2
2109,朗,良b，月,,变,2
2110,诸,讠，者,,ok,2
2111,诺,讠，若,,ok,2
2112,读,讠，卖,,ok,2
2113,扇,户，羽,,ok,2
2114,诽,讠，非,,ok,2
2115,袜,衤，末,,ok,2
2116,袖,衤，由,,ok,2
2117,袍,衤，包,,ok,2
2118,被,衤，皮,,ok,2
2119,祥,衤，羊,,ok,2
2120,课,讠，果,,ok,2
2121,冥,冖，日，六,,ok,3
2122,谁,讠，隹,,ok,2
2123,调,讠，周,,ok,2
2124,冤,冖，兔,,ok,2
2125,谅,讠，京,,ok,2
2126,谆,讠，享,,ok,2
2127,谈,讠，炎,,ok,2
2128,谊,讠，宜,,ok,2
2129,剥,录，刂,,ok,2
2130,恳,艮，心,,ok,2
2131,展,展,,ok,1
2132,剧,居，刂,,ok,2
2133,屑,尸，肖,,ok,2
2134,弱,弓，冫，弓，冫,,ok,4
2135,陵,阝，夌,,ok,2
2136,祟,出，示,,ok,2
2137,陶,阝，匋,,ok,2
2138,陷,阝，臽,,ok,2
2139,陪,阝，咅,,ok,2
2140,娱,女，吴,,ok,2
2141,娟,女，肙,,ok,2
2142,恕,如，心,,ok,2
2143,娥,女，我,,ok,2
2144,娘,女，良,,ok,2
2145,通,甬，辶,,ok,2
2146,能,䏍，匕，匕,,ok,3
2147,难,又，隹,,ok,2
2148,预,予，页,,ok,2
2149,桑,叒，木,,ok,2
2150,绢,纟，肙,,ok,2
2151,绣,纟，秀,,ok,2
2152,验,马，佥,,ok,2
2153,继（繼）,纟，㡭,,古,2
2154,骏,马，夋,,ok,2
2155,球,王，求,,ok,2
2156,琐,王，小b，贝,,变,3
2157,理,王，里,,ok,2
2158,琉,王，㐬,,ok,2
2159,琅,王，良,,ok,2
2160,捧,扌，奉,,ok,2
2161,堵,土，者,,ok,2
2162,措,扌，昔,,ok,2
2163,描,扌，苗,,ok,2
2164,域,土，或,,ok,2
2165,捺,扌，奈,,ok,2
2166,掩,扌，奄,,ok,2
2167,捷,扌，疌,,ok,2
2168,排,扌，非,,ok,2
2169,焉,焉,,ok,1
2170,掉,扌，卓,,ok,2
2171,捶,扌，垂,,ok,2
2172,赦,赤，攵,,ok,2
2173,堆,土，隹,,ok,2
2174,推,扌，隹,,ok,2
2175,埠,土，阜,,ok,2
2176,掀,扌，欣,,ok,2
2177,授,扌，受,,ok,2
2178,捻,扌，念,,ok,2
2179,教,孝，攵,,ok,2
2180,掏,扌，匋,,ok,2
2181,掐,扌，臽,,ok,2
2182,掠,扌，京,,ok,2
2183,掂,扌，店,,ok,2
2184,培,土，咅,,ok,2
2185,接,扌，妾,,ok,2
2186,掷,扌，郑,,ok,2
2187,控,扌，空,,ok,2
2188,探,扌，罙,,ok,2
2189,据,扌，居,,ok,2
2190,掘,扌，屈,,ok,2
2191,掺,扌，参,,ok,2
2192,职,耳，只,,ok,2
2193,基,其，土,,ok,2
2194,聆,耳，令,,ok,2
2195,勘,甚，力,,ok,2
2196,聊,耳，卯,,ok,2
2197,娶,取，女,,ok,2
2198,菱,艹，夌,,ok,2
2198,著,艹，者,,ok,2
2200,勒,革，力,,ok,2
2201,黄,黄,,ok,1
2202,菲,艹，非,,ok,2
2203,萌,艹，明,,ok,2
2204,萝,艹，罗,,ok,2
2205,菌,艹，囷,,ok,2
2206,萎,艹，委,,ok,2
2207,菜,艹，采,,ok,2
2208,萄,艹，匋,,ok,2
2209,菊,艹，匊,,ok,2
2210,菩,艹，咅,,ok,2
2211,萍,艹，氵，平,,ok,3
2212,菠,艹，波,,ok,2
2213,萤（螢）,𤇾，虫,,古,2
2214,营（營）,𤇾，吕,,古,2
2215,乾,𠦝，乞,,ok,2
2216,萧,艹，肃,,ok,2
2217,萨,艹，阝，产,,ok,3
2218,菇,艹，姑,,ok,2
2219,械,木，戒,,ok,2
2220,彬,林，彡,,ok,2
2221,梦,林，夕,,ok,2
2222,婪,林，女,,ok,2
2223,梗,木，更,,ok,2
2224,梧,木，吾,,ok,2
2225,梢,木，肖,,ok,2
2226,梅,木，每,,ok,2
2227,检,木，佥,,ok,2
2228,梳,木，㐬,,ok,2
2229,梯,木，弟,,ok,2
2230,桶,木，甬,,ok,2
2231,梭,木，夋,,ok,2
2232,救,求，攵,,ok,2
2233,曹,曹,,ok,1
2234,副,畐，刂,,ok,2
2235,票,覀，示,,ok,2
2236,酝,酉，云,,ok,2
2237,酗,酉，凶,,ok,2
2238,厢,厂，相,,ok,2
2239,戚,戚,,ok,1
2240,硅,石，圭,,ok,2
2241,硕,石，页,,ok,2
2242,奢,大，者,,ok,2
2243,盔,灰，皿,,ok,2
2244,爽,爽,,ok,1
2245,聋,龙，耳,,ok,2
2246,袭,龙，衣,,ok,2
2247,盛,成，皿,,ok,2
2248,匾,匚，扁,,ok,2
2249,雪,雨，彐,,ok,2
2250,辅,车，甫,,ok,2
2251,辆,车，两,,ok,2
2252,颅,卢，页,,ok,2
2253,虚,虍，业,,ok,2
2254,彪,虎，彡,,ok,2
2255,雀,小，隹,,ok,2
2256,堂,尚，土,,ok,2
2257,常,尚，巾,,ok,2
2258,眶,目，匡,,ok,2
2259,匙,是，匕,,ok,2
2260,晨,日，辰,,ok,2
2261,睁,目，争,,ok,2
2262,眯,目，米,,ok,2
2263,眼,目，艮,,ok,2
2264,悬,县，心,,ok,2
2265,野,田，予,,ok,2
2266,啪,口，拍,,ok,2
2267,啦,口，拉,,ok,2
2268,曼,日，罒，又,,ok,3
2269,晦,日，每,,ok,2
2270,晚,日，免,,ok,2
2271,啄,口，豖,,ok,2
2272,啡,口，非,,ok,2
2273,距,⻊，巨,,ok,2
2274,趾,⻊，止,,ok,2
2275,啃,口，肯,,ok,2
2276,跃,⻊，夭,,ok,2
2277,略,田，各,,ok,2
2278,蚯,虫，丘,,ok,2
2279,蛀,虫，主,,ok,2
2280,蛇,虫，它,,ok,2
2281,唬,口，虎,,ok,2
2282,累,田，糸,,ok,2
2283,鄂,咢，阝,,ok,2
2284,唱,口，昌,,ok,2
2285,患,串，心,,ok,2
2286,啰,口，罗,,ok,2
2287,唾,口，垂,,ok,2
2288,唯,口，隹,,ok,2
2289,啤,口，卑,,ok,2
2290,啥,口，舍,,ok,2
2291,啸,口，肃,,ok,2
2292,崖,山，厂，圭,,ok,3
2293,崎,山，奇,,ok,2
2294,崭,山，斩,,ok,2
2295,逻,罗，辶,,ok,2
2296,崔,山，隹,,ok,2
2297,帷,巾，隹,,ok,2
2298,崩,山，朋,,ok,2
2299,崇,山，宗,,ok,2
2300,崛,山，屈,,ok,2
2301,婴（嬰）,賏，女,,古,2
2302,圈,囗，卷,,ok,2
2303,铐,钅，考,,ok,2
2304,铛,钅，当,,ok,2
2305,铝,钅，吕,,ok,2
2306,铜,钅，同,,ok,2
2307,铭,钅，名,,ok,2
2308,铲,钅，产,,ok,2
2309,银,钅，艮,,ok,2
2310,矫,矢，乔,,ok,2
2311,甜,舌，甘,,ok,2
2312,秸,禾，吉,,ok,2
2313,梨,利，木,,ok,2
2314,犁,利，牛,,ok,2
2315,秽,禾，岁,,ok,2
2316,移,禾，多,,ok,2
2317,笨,⺮，本,,ok,2
2318,笼,⺮，龙,,ok,2
2319,笛,⺮，由,,ok,2
2320,笙,⺮，生,,ok,2
2321,符,⺮，付,,ok,2
2322,第,⺮，弟s,,省,2
2323,敏,每，攵,,ok,2
2324,做,亻，故,,ok,2
2325,袋,代，衣,,ok,2
2326,悠,攸，心,,ok,2
2327,偿,亻，尝,,ok,2
2328,偶,亻，禺,,ok,2
2329,偎,亻，畏,,ok,2
2330,偷,亻，俞,,ok,2
2331,您,你，心,,ok,2
2332,售,隹，口,,ok,2
2333,停,亻，亭,,ok,2
2334,偏,亻，扁,,ok,2
2335,躯,身，区,,ok,2
2336,兜,兜,,ok,1
2337,假,亻，叚,,ok,2
2338,衅,血，半,,ok,2
2339,徘,彳，非,,ok,2
2340,徙,彳，止，止b,,变,3
2341,得,彳，㝵,,ok,2
2342,衔,行，钅,,ok,2
2343,盘,舟，皿,,ok,2
2344,舶,舟，白,,ok,2
2345,船,舟，㕣b,,变,2
2346,舵,舟，它,,ok,2
2347,斜,余，豆,,ok,2
2348,盒,合，皿,,ok,2
2349,鸽,合，鸟,,ok,2
2350,敛,佥，攵,,ok,2
2351,悉,釆，心,,ok,2
2352,欲,谷，欠,,ok,2
2353,彩,采，彡,,ok,2
2354,领,令，页,,ok,2
2355,脚,月，却,,ok,2
2356,脖,月，孛,,ok,2
2357,脯,月，甫,,ok,2
2358,豚,月，豕,,ok,2
2359,脸,月，佥,,ok,2
2360,脱,月，兑,,ok,2
2361,象,象,,ok,1
2362,够,句，多,,ok,2
2363,逸,兔，辶,,ok,2
2364,猜,犭，青,,ok,2
2365,猪,犭，者,,ok,2
2366,猎,犭，昔,,ok,2
2367,猫,犭，苗,,ok,2
2368,凰,几，皇,,ok,2
2369,猖,犭，昌,,ok,2
2370,猛,犭，孟,,ok,2
2371,祭,月b，又b，示,,变,3
2372,馅,饣，臽,,ok,2
2373,馆,饣，官,,ok,2
2374,凑,冫，奏,,ok,2
2375,减,冫，咸,,ok,2
2376,毫,高s，毛,,省,2
2377,烹,亨，灬,,ok,2
2378,庶,庶,,ok,1
2379,麻,广，林,,ok,2
2380,庵,广，奄,,ok,2
2381,痊,疒，全,,ok,2
2382,痒,疒，羊,,ok,2
2383,痕,疒，艮,,ok,2
2384,廊,广，郎,,ok,2
2385,康,广，隶,,ok,2
2386,庸,庸,,ok,1
2387,鹿,鹿,,ok,1
2388,盗,次，皿,,ok,2
2389,章,立，早,,ok,2
2390,竟,音，儿,,ok,2
2391,商,商,,ok,1
2392,族,㫃，矢,,ok,2
2393,旋,㫃，疋,,ok,2
2394,望,亡，月，王,,ok,3
2395,率,率,,ok,1
2396,阎,门，臽,,ok,2
2397,阐,门，单,,ok,2
2398,着,⺶，目,,ok,2
2399,羚,羊，令,,ok,2
2400,盖,⺷，皿,,ok,2
2401,眷,龹，目,,ok,2
2402,粘,米，占,,ok,2
2403,粗,米，且,,ok,2
2404,粒,米，立,,ok,2
2405,断（斷）,㡭，斤,,古,2
2406,剪,前，刀,,ok,2
2407,兽,兽,,ok,1
2408,焊,火，旱,,ok,2
2409,焕,火，奂,,ok,2
2410,清,氵，青,,ok,2
2411,添,氵，忝,,ok,2
2412,鸿,江，鸟,,ok,2
2413,淋,氵，林,,ok,2
2414,涯,氵，厓,,ok,2
2415,淹,氵，奄,,ok,2
2416,渠,氵，巨，木,,ok,3
2417,渐,氵，斩,,ok,2
2418,淑,氵，叔,,ok,2
2419,淌,氵，尚,,ok,2
2420,混,氵，昆,,ok,2
2421,淮,氵，隹,,ok,2
2422,淆,氵，肴,,ok,2
2423,渊,氵，丿，米，丨,,ok,4
2424,淫,氵，㸒,,ok,2
2425,渔,氵，鱼,,ok,2
2426,淘,氵，匋,,ok,2
2427,淳,氵，享,,ok,2
2428,液,氵，夜,,ok,2
2429,淤,氵，於,,ok,2
2430,淡,氵，炎,,ok,2
2431,淀,氵，定,,ok,2
2432,深,氵，罙,,ok,2
2433,涮,氵，刷,,ok,2
2434,涵,氵，函,,ok,2
2435,婆,波，女,,ok,2
2436,梁,氵，刅，木,,ok,3
2437,渗,氵，参,,ok,2
2438,情,忄，青,,ok,2
2439,惜,忄，昔,,ok,2
2440,惭,忄，斩,,ok,2
2441,悼,忄，卓,,ok,2
2442,惧,忄，具,,ok,2
2443,惕,忄，易,,ok,2
2444,惟,忄，隹,,ok,2
2445,惊,忄，京,,ok,2
2446,惦,忄，店,,ok,2
2447,悴,忄，卒,,ok,2
2448,惋,忄，宛,,ok,2
2449,惨,忄，参,,ok,2
2450,惯,忄，贯,,ok,2
2451,寇,宀，元，攴,,ok,3
2453,寄,宀，奇,,ok,2
2454,寂,宀，叔,,ok,2
2454,宿,宀，亻，百,,ok,3
2455,宿,宀，亻，百,,ok,3
2456,窒,穴，至,,ok,2
2457,窑,穴，缶,,ok,2
2458,密,宓，山,,ok,2
2459,谋,讠，某,,ok,2
2460,谍,讠，枼,,ok,2
2461,谎,讠，荒,,ok,2
2462,谐,讠，皆,,ok,2
2463,袱,衤，伏,,ok,2
2464,祷,礻，寿,,ok,2
2465,祸,礻，呙,,ok,2
2466,谓,讠，胃,,ok,2
2467,谚,讠，彦,,ok,2
2468,谜,讠，迷,,ok,2
2469,逮,隶，辶,,ok,2
2470,敢,乛，耳，攵,,ok,3
2471,尉,尸，示，寸,,ok,3
2472,屠,尸，者,,ok,2
2473,弹,弓，单,,ok,2
2474,隋,阝，左，月,,ok,3
2475,堕,阝，有，土,,ok,3
2476,随,阝，有，辶,,ok,3
2477,蛋,疋，虫,,ok,2
2478,隅,阝，禺,,ok,2
2479,隆,阝，夂，一，生,,ok,4
2480,隐,阝，急,,ok,2
2481,婚,女，昏,,ok,2
2482,婶,女，审,,ok,2
2483,婉,女，宛,,ok,2
2484,颇,皮，页,,ok,2
2485,颈（頸）,巠，页,,ok,2
2486,绩,纟，责,,ok,2
2487,绪,纟，者,,ok,2
2488,续,纟，卖,,ok,2
2489,骑,马，奇,,ok,2
2490,绰,纟，卓,,ok,2
2491,绳,纟，黾,,ok,2
2492,维,纟，隹,,ok,2
2493,绵,纟，帛,,ok,2
2494,绷,纟，朋,,ok,2
2495,绸,纟，周,,ok,2
2496,综,纟，宗,,ok,2
2497,绽,纟，定,,ok,2
2498,绿,纟，录,,ok,2
2499,缀,纟，叕,,ok,2
2500,巢,巛，果,,ok,2
2501,琴,王，王，今,,ok,3
2502,琳,王，林,,ok,2
2503,琢,王，豖,,ok,2
2504,琼,王，京,,ok,2
2505,斑,王，文，王,,ok,3
2506,替,夫，夫，日,,ok,3
2507,揍,扌，奏,,ok,2
2508,款,士，示，欠,,ok,3
2509,堪,土，甚,,ok,2
2510,塔,土，荅,,ok,2
2511,搭,扌，荅,,ok,2
2512,堰,土，匽,,ok,2
2513,揩,扌，皆,,ok,2
2514,越,走，戉,,ok,2
2515,趁,走，㐱,,ok,2
2516,趋,走，刍,,ok,2
2517,超,走，召,,ok,2
2518,揽,扌，览,,ok,2
2519,提,扌，是,,ok,2
2520,堤,土，是,,ok,2
2521,博,十，尃,,ok,2
2522,揭,扌，曷,,ok,2
2523,喜,壴，口,,ok,2
2524,彭,壴，彡,,ok,2
2525,揣,扌，耑,,ok,2
2526,插,扌，臿,,ok,2
2527,揪,扌，秋,,ok,2
2528,搜,扌，叟,,ok,2
2529,煮,者，灬,,ok,2
2530,援,扌，爰,,ok,2
2531,搀（攙）,扌，毚,,古,2
2532,裁,𢦏，衣,,ok,2
2533,搁,扌，阁,,ok,2
2534,搓,扌，差,,ok,2
2535,搂,扌，娄,,ok,2
2536,搅,扌，觉,,ok,2
2537,壹,壹,,ok,1
2538,握,扌，屋,,ok,2
2539,搔,扌，蚤,,ok,2
2540,揉,扌，柔,,ok,2
2541,斯,其，斤,,ok,2
2542,期,其，月,,ok,2
2543,欺,其，欠,,ok,2
2544,联,耳，关,,ok,2
2545,葫,艹，胡,,ok,2
2546,散,龷，⺝，攵,,ok,3
2547,惹,若，心,,ok,2
2548,葬,艹，死，廾,,ok,3
2549,募,莫，力,,ok,2
2550,葛,艹，曷,,ok,2
2551,董,艹，重,,ok,2
2552,葡,艹，匍,,ok,2
2553,敬,苟，攵,,ok,2
2554,葱,艹，怱,,ok,3
2555,蒋,艹，将,,ok,2
2556,蒂,艹，帝,,ok,2
2557,落,艹，洛,,ok,2
2558,韩,𠦝，韦,,ok,2
2559,朝,𠦝，月,,ok,2
2560,辜,古，辛,,ok,2
2561,葵,艹，癸,,ok,2
2562,棒,木，奉,,ok,2
2563,棱,木，夌,,ok,2
2564,棋,木，其,,ok,2
2565,椰,木，耶,,ok,2
2566,植,木，直,,ok,2
2567,森,木，木，木,,ok,3
2568,焚,林，火,,ok,2
2569,椅,木，奇,,ok,2
2570,椒,木，叔,,ok,2
2571,棵,木，果,,ok,2
2572,棍,木，昆,,ok,2
2573,椎,木，隹,,ok,2
2574,棉,木，帛,,ok,2
2575,棚,木，朋,,ok,2
2576,棕,木，宗,,ok,2
2577,棺,木，官,,ok,2
2578,榔,木，朗,,ok,2
2579,椭,木，阝，有,,ok,3
2580,惠,叀b，心,,变,2
2581,惑,或，心,,ok,2
2582,逼,畐，辶,,ok,2
2583,粟,覀，米,,ok,2
2584,棘,朿，朿,,ok,2
2585,酣,酉，甘,,ok,2
2586,酥,酉，禾,,ok,2
2587,厨,厂，豆，寸,,ok,3
2588,厦,厂，夏,,ok,2
2589,硬,石，更,,ok,2
2590,硝,石，肖,,ok,2
2591,确,石，角,,ok,2
2592,硫,石，㐬,,ok,2
2593,雁,厂，亻，隹,,ok,3
2594,殖,歹，直,,ok,2
2595,裂,列，衣,,ok,2
2596,雄,厷，隹,,ok,2
2597,颊,夹，页,,ok,2
2598,雳,雨，历,,ok,2
2599,暂,斩，日,,ok,2
2600,雅,牙，隹,,ok,2
2601,翘,尧，羽,,ok,2
2602,辈,非，车,,ok,2
2603,悲,非，心,,ok,2
2604,紫,此，糸,,ok,2
2605,凿,凿,,ok,1
2606,辉,光，军,,ok,2
2607,敞,尚，攵,,ok,2
2608,棠,尚，木,,ok,2
2609,赏,尚，贝,,ok,2
2610,掌,尚，手,,ok,2
2611,晴,日，青,,ok,2
2612,睐,目，来,,ok,2
2613,暑,日，者,,ok,2
2614,最,曰，取,是“冃”，写作“曰”,ok,2
2615,晰,日，析,,ok,2
2616,量,曰，一，里,是“曰”，不是“日”,ok,3
2617,鼎,鼎,,ok,1
2618,喷,口，贲,,ok,2
2619,喳,口，查,,ok,2
2620,晶,日，日，日,,ok,3
2621,喇,口，剌,,ok,2
2622,遇,禺，辶,,ok,2
2623,喊,口，咸,,ok,2
2624,遏,曷，辶,,ok,2
2625,晾,日，京,,ok,2
2626,景,日，京,,ok,2
2627,畴,田，寿,,ok,2
2628,践,⻊，戋,,ok,2
2629,跋,⻊，犮,,ok,2
2630,跌,⻊，失,,ok,2
2631,跑,⻊，包,,ok,2
2632,跛,⻊，皮,,ok,2
2633,遗,贵，辶,,ok,2
2634,蛙,虫，圭,,ok,2
2635,蛛,虫，朱,,ok,2
2636,蜓,虫，廷,,ok,2
2637,蜒,虫，延,,ok,2
2638,蛤,虫，合,,ok,2
2639,喝,口，曷,,ok,2
2640,鹃,肙，鸟,,ok,2
2641,喂,口，畏,,ok,2
2642,喘,口，耑,,ok,2
2643,喉,口，侯,,ok,2
2644,喻,口，俞,,ok,2
2645,啼,口，帝,,ok,2
2646,喧,口，宣,,ok,2
2647,嵌,山，甘，欠,,ok,3
2648,幅,巾，畐,,ok,2
2649,帽,巾，冒,,ok,2
2650,赋,贝，武,,ok,2
2651,赌,贝，者,,ok,2
2652,赎,贝，卖,,ok,2
2653,赐,贝，易,,ok,2
2654,赔,贝，咅,,ok,2
2655,黑,黑,,ok,1
2656,铸,钅，寿,,ok,2
2657,铺,钅，甫,,ok,2
2658,链,钅，连,,ok,2
2659,销,钅，肖,,ok,2
2660,锁,钅，小b，贝,,变,3
2661,锄,钅，助,,ok,2
2662,锅,钅，呙,,ok,2
2663,锈,钅，秀,,ok,2
2664,锋,钅，夆,,ok,2
2665,锌,钅，辛,,ok,2
2666,锐,钅，兑,,ok,2
2667,甥,生，男,,ok,2
2668,掰,龵，分，手,,ok,3
2669,短,矢，豆,,ok,2
2670,智,知，日,,ok,2
2671,氮,气，炎,,ok,2
2672,毯,毛，炎,,ok,2
2673,氯,气，录,,ok,2
2674,鹅,我，鸟,,ok,2
2675,剩,乘，刂,,ok,2
2676,稍,禾，肖,,ok,2
2677,程,禾，呈,,ok,2
2678,稀,禾，希,,ok,2
2679,税,禾，兑,,ok,2
2680,筐,⺮，匡,,ok,2
2681,等,⺮，寺,,ok,2
2682,筑,⺮，巩,,ok,2
2683,策,⺮，朿,,ok,2
2684,筛,⺮，师,,ok,2
2685,筒,⺮，同,,ok,2
2686,筏,⺮，伐,,ok,2
2687,答,⺮，合,,ok,2
2688,筋,⺮，肋,,ok,2
2689,筝,⺮，争,,ok,2
2690,傲,亻，敖,,ok,2
2691,傅,亻，尃,,ok,2
2692,牌,片，卑,,ok,2
2693,堡,保，土,,ok,2
2694,集,隹，木,,ok,2
2695,焦,隹，灬,,ok,2
2696,傍,亻，旁,,ok,2
2697,储,亻，诸,,ok,2
2698,皓,白，告,,ok,2
2699,皖,白，完,,ok,2
2700,粤,丿，囗，米，丂,,ok,4
2701,奥,奥,,ok,1
2702,街,行，圭,,ok,2
2703,惩,征，心,,ok,2
2704,御,彳，卸,,ok,2
2705,循,彳，盾,,ok,2
2706,艇,舟，廷,,ok,2
2707,舒,舍，予,,ok,2
2708,逾,俞，辶,,ok,2
2709,番,釆，田,,ok,2
2710,释（釋）,釆，睪,,古,2
2711,禽,人，离,,ok,2
2712,腊,月，昔,,ok,2
2713,脾,月，卑,,ok,2
2714,腋,月，夜,,ok,2
2715,腔,月，空,,ok,2
2716,腕,月，宛,,ok,2
2717,鲁,鱼，日,,ok,2
2718,猾,犭，骨,,ok,2
2718,猩,犭，星,,ok,2
2719,猬,犭，胃,,ok,2
2721,猴,犭，侯,,ok,2
2722,惫,备，心,,ok,2
2723,然,月b，犬，灬,,变,3
2724,馈,饣，贵,,ok,2
2725,馋（饞）,饣，毚,,古,2
2726,装,壮，衣,,ok,2
2727,蛮（蠻）,䜌，虫,,ok,2
2728,就,京，尤,,ok,2
2729,敦,享，攵,,ok,2
2730,斌,文，武,,ok,2
2731,痘,疒，豆,,ok,2
2732,痢,疒，利,,ok,2
2733,痪,疒，奂,,ok,2
2734,痛,疒，甬,,ok,2
2735,童,立，里,,ok,2
2736,竣,立，夋,,ok,2
2737,阔,门，活,,ok,2
2738,善,善,,ok,1
2739,翔,羊，羽,,ok,2
2740,羡,⺷，次,,ok,2
2741,普,並，日,,ok,2
2742,粪,米，共,,ok,2
2743,尊,尊,,ok,1
2744,奠,酋，大,,ok,2
2745,道,首，辶,,ok,2
2746,遂,㒸，辶,,ok,2
2747,曾,曾,,ok,1
2748,焰,火，臽,,ok,2
2749,港,氵，巷,,ok,2
2750,滞,氵，带,,ok,2
2751,湖,氵，胡,,ok,2
2752,湘,氵，相,,ok,2
2753,渣,氵，查,,ok,2
2754,渤,氵，勃,,ok,2
2755,渺,氵，眇,,ok,2
2756,湿,氵，显,,ok,2
2757,温,氵，昷,,ok,2
2758,渴,氵，曷,,ok,2
2759,溃,氵，贵,,ok,2
2760,溅,氵，贱,,ok,2
2761,滑,氵，骨,,ok,2
2762,湃,氵，拜,,ok,2
2763,渝,氵，俞,,ok,2
2764,湾,氵，弯,,ok,2
2765,渡,氵，度,,ok,2
2766,游,氵，㫃，子,,ok,3
2767,滋,氵，兹,,ok,2
2768,渲,氵，宣,,ok,2
2769,溉,氵，既,,ok,2
2770,愤,忄，贲,,ok,2
2771,慌,忄，荒,,ok,2
2772,惰,忄，左，月,,ok,3
2773,愕,忄，咢,,ok,2
2774,愣,忄，罒，方,,ok,3
2775,惶,忄，皇,,ok,2
2776,愧,忄，鬼,,ok,2
2777,愉,忄，俞,,ok,2
2778,慨,忄，既,,ok,2
2779,割,害，刂,,ok,2
2780,寒,寒s，⺀,,省,2
2781,富,宀，畐,,ok,2
2782,寓,宀，禺,,ok,2
2783,窜,穴，串,,ok,2
2784,窝,穴，呙,,ok,2
2785,窖,穴，告,,ok,2
2786,窗,穴，囱,,ok,2
2787,窘,穴，君,,ok,2
2788,遍,扁，辶,,ok,2
2789,雇,户，隹,,ok,2
2790,裕,衤，谷,,ok,2
2791,裤,衤，库,,ok,2
2792,裙,衤，君,,ok,2
2793,禅,礻，单,,ok,2
2794,禄,礻，录,,ok,2
2795,谢,讠，射,,ok,2
2796,谣,讠，䍃,,ok,2
2797,谤,讠，旁,,ok,2
2798,谦,讠，兼,,ok,2
2799,犀,尸，氺，牛,,ok,3
2800,属,尸，禹,,ok,2
2801,屡,尸，娄,,ok,2
2802,强,弓，虽,,ok,2
2803,粥,弜，米,,ok,2
2804,疏,𤴔，㐬,,ok,2
2805,隔,阝，鬲,,ok,2
2806,隙,阝，小，日，小,,ok,4
2807,隘,阝，益,,ok,2
2808,媒,女，某,,ok,2
2809,絮,如，糸,,ok,2
2810,嫂,女，叟,,ok,2
2811,媚,女，眉,,ok,2
2812,婿,女，胥,,ok,2
2813,登,癶，豆,,ok,2
2814,缅,纟，面,,ok,2
2815,缆,纟，览,,ok,2
2816,缉,纟，咠,,ok,2
2817,缎,纟，段,,ok,2
2818,缓,纟，爰,,ok,2
2819,缔,纟，帝,,ok,2
2820,缕,纟，娄,,ok,2
2821,骗,马，扁,,ok,2
2822,编,纟，扁,,ok,2
2823,骚,马，蚤,,ok,2
2824,缘,纟，彖,,ok,2
2825,瑟,王，王，必,,ok,3
2826,鹉,武，鸟,,ok,2
2827,瑞,王，耑,,ok,2
2828,瑰,王，鬼,,ok,2
2829,瑙,王，巛，囟,,ok,3
2830,魂,云，鬼,,ok,2
2831,肆,镸，聿,,ok,2
2832,摄,扌，聂,,ok,2
2833,摸,扌，莫,,ok,2
2834,填,土，真,,ok,2
2835,搏,扌，尃,,ok,2
2836,塌,土，曰，羽,,ok,3
2837,鼓,壴，支,,ok,2
2838,摆,扌，罢,,ok,2
2839,携,扌，隽,,ok,2
2840,搬,扌，般,,ok,2
2841,摇,扌，䍃,,ok,2
2842,搞,扌，高,,ok,2
2843,塘,土，唐,,ok,2
2844,摊,扌，难,,ok,2
2845,聘,耳，甹,,ok,2
2846,斟,甚，斗,,ok,2
2847,蒜,艹，祘,,ok,2
2848,勤,堇，力,,ok,2
2849,靴,革，化,,ok,2
2850,靶,革，巴,,ok,2
2851,鹊,昔，鸟,,ok,2
2852,蓝,艹，监,,ok,2
2853,墓,莫，土,,ok,2
2854,幕,莫，巾,,ok,2
2855,蓬,艹，逢,,ok,2
2856,蓄,艹，畜,,ok,2
2857,蒲,艹，氵，甫,,ok,3
2858,蓉,艹，容,,ok,2
2859,蒙,艹，冖，一，豕,,ok,4
2860,蒸,艹，烝,,ok,2
2861,献,南，犬,,ok,2
2862,椿,木，春,,ok,2
2863,禁,林，示,,ok,2
2864,楚,林，疋,,ok,2
2865,楷,木，皆,,ok,2
2866,榄,木，览,,ok,2
2867,想,相，心,,ok,2
2868,槐,木，鬼,,ok,2
2869,榆,木，俞,,ok,2
2870,楼,木，娄,,ok,2
2871,概,目，既,,ok,2
2872,赖,束，负,,ok,2
2873,酪,酉，各,,ok,2
2874,酬,酉，州,,ok,2
2875,感,咸，心,,ok,2
2876,碍,石，㝵,,ok,2
2877,碘,石，典,,ok,2
2878,碑,石，卑,,ok,2
2879,碎,石，卒,,ok,2
2880,碰,石，並,,ok,2
2881,碗,石，宛,,ok,2
2882,碌,石，录,,ok,2
2883,尴,尢，监,,ok,2
2884,雷,雨，田,,ok,2
2885,零,雨，令,,ok,2
2886,雾,雨，务,,ok,2
2887,雹,雨，包,,ok,2
2888,辐,车，畐,,ok,2
2889,辑,车，咠,,ok,2
2890,输,车，俞,,ok,2
2891,督,叔，目,,ok,2
2892,频,步，页,,ok,2
2893,龄,齿，令,,ok,2
2894,鉴（鑒）,监s，金,,省,2
2895,睛,目，青,,ok,2
2896,睹,目，者,,ok,2
2897,睦,目，坴,,ok,2
2898,瞄,目，苗,,ok,2
2899,睫,目，疌,,ok,2
2900,睡,目，垂,,ok,2
2901,睬,目，采,,ok,2
2902,嗜,口，耆,,ok,2
2903,鄙,啚，阝,,ok,2
2904,嗦,口，索,,ok,2
2905,愚,禺，心,,ok,2
2906,暖,日，爰,,ok,2
2907,盟,明，皿,,ok,2
2908,歇,曷，欠,,ok,2
2909,暗,日，音,,ok,2
2910,暇,日，叚,,ok,2
2911,照,昭，灬,,ok,2
2912,畸,田，奇,,ok,2
2913,跨,⻊，夸,,ok,2
2914,跷,⻊，尧,,ok,2
2915,跳,⻊，兆,,ok,2
2916,跺,⻊，朵,,ok,2
2917,跪,⻊，危,,ok,2
2918,路,⻊，各,,ok,2
2919,跤,⻊，交,,ok,2
2920,跟,⻊，艮,,ok,2
2921,遣,中，一，㠯，辶,,ok,4
2922,蜈,虫，吴,,ok,2
2923,蜗,虫，呙,,ok,2
2924,蛾,虫，我,,ok,2
2925,蜂,虫，夆,,ok,2
2926,蜕,虫，兑,,ok,2
2927,嗅,口，臭,,ok,2
2928,嗡,口，翁,,ok,2
2929,嗓,口，桑,,ok,2
2930,署,罒，者,,ok,2
2931,置,罒，直,,ok,2
2932,罪,罒，非,,ok,2
2933,罩,罒，卓,,ok,2
2934,蜀,罒，勹，虫,,ok,3
2935,幌,巾，晃,,ok,2
2936,错,钅，昔,,ok,2
2937,锚,钅，苗,,ok,2
2938,锡,钅，易,,ok,2
2939,锣,钅，罗,,ok,2
2940,锤,钅，垂,,ok,2
2941,锥,钅，隹,,ok,2
2942,锦,钅，帛,,ok,2
2943,键,钅，建,,ok,2
2944,锯,钅，居,,ok,2
2945,锰,钅，孟,,ok,2
2946,矮,矢，委,,ok,2
2947,辞,舌，辛,,ok,2
2948,稚,禾，隹,,ok,2
2949,稠,禾，周,,ok,2
2950,颓,秃，页,,ok,2
2951,愁,秋，心,,ok,2
2952,筹,⺮，寿,,ok,2
2953,签,⺮，佥,,ok,2
2954,简,⺮，间,,ok,2
2955,筷,⺮，快,,ok,2
2956,毁,臼，工，殳,,ok,3
2957,舅,臼，男,,ok,2
2958,鼠,鼠,,ok,1
2959,催,亻，崔,,ok,2
2960,傻,亻，囟，八，夂,,ok,4
2961,像,亻，象,,ok,2
2962,躲,身，朵,,ok,2
2963,魁,鬼，斗,,ok,2
2964,衙,行，吾,,ok,2
2965,微,彳，山，一，几，攵,,ok,5
2966,愈,俞，心,,ok,2
2967,遥,䍃，辶,,ok,2
2968,腻,月，贰,,ok,2
2969,腰,月，要,,ok,2
2970,腥,月，星,,ok,2
2971,腮,月，思,,ok,2
2972,腹,月，复,,ok,2
2973,腺,月，泉,,ok,2
2974,鹏,朋，鸟,,ok,2
2975,腾,月，龹，马,,ok,3
2976,腿,月，退,,ok,2
2977,鲍,鱼，包,,ok,2
2978,猿,犭，袁,,ok,2
2979,颖,匕，禾，页,,ok,3
2980,触,角，虫,,ok,2
2981,解,角，刀，牛,,ok,3
2982,煞,刍，攵，灬,,ok,3
2983,雏,刍，隹,,ok,2
2984,馍,饣，莫,,ok,2
2985,馏,饣，留,,ok,2
2986,酱,将s，酉,,省,2
2987,禀,㐭，示,,ok,2
2988,痹,疒，畀,,ok,2
2989,廓,广，郭,,ok,2
2990,痴,疒，知,,ok,2
2991,痰,疒，炎,,ok,2
2992,廉,广，兼,,ok,2
2993,靖,立，青,,ok,2
2994,新,亲，斤,,ok,2
2995,韵,音，匀,,ok,2
2996,意,音，心,,ok,2
2997,誊,龹，言,,ok,2
2998,粮,米，良,,ok,2
2999,数,娄，攵,,ok,2
3000,煎,前，灬,,ok,2
3001,塑,朔，土,,ok,2
3002,慈,兹，心,,ok,2
3003,煤,火，某,,ok,2
3004,煌,火，皇,,ok,2
3005,满（滿）,氵，㒼,,古,2
3006,漠,氵，莫,,ok,2
3007,滇,氵，真,,ok,2
3008,源,氵，原,,ok,2
3009,滤,氵，虑,,ok,2
3010,滥,氵，监,,ok,2
3011,滔,氵，舀,,ok,2
3012,溪,氵，奚,,ok,2
3013,溜,氵，留,,ok,2
3014,漓,氵，离,,ok,2
3015,滚,氵，衮,,ok,2
3017,溯,氵，朔,,ok,2
3017,溢,氵，益,,ok,2
3018,滨,氵，宾,,ok,2
3019,溶,氵，容,,ok,2
3020,溺,氵，弱,,ok,2
3021,粱,氵，刅，米,,ok,3
3022,滩,氵，难,,ok,2
3023,慎,忄，真,,ok,2
3024,誉,兴，言,,ok,2
3025,塞,寒s，土,,省,2
3026,寞,宀，莫,,ok,2
3027,窥,穴，规,,ok,2
3028,窟,穴，屈,,ok,2
3029,寝,宀，丬，彐，冖，又,,ok,5
3030,谨,讠，堇,,ok,2
3031,褂,衤，卦,,ok,2
3032,裸,衤，果,,ok,2
3033,福,礻，畐,,ok,2
3034,谬,讠，翏,,ok,2
3035,群,君，羊,,ok,2
3036,殿,尸，共，殳,,ok,3
3037,辟,尸，口，辛,,ok,3
3038,障,阝，章,,ok,2
3039,媳,女，息,,ok,2
3040,嫉,女，疾,,ok,2
3041,嫌,女，兼,,ok,2
3042,嫁,女，家,,ok,2
3043,叠,叒，冖，且,,ok,3
3044,缚,纟，尃,,ok,2
3045,缝,纟，逢,,ok,2
3046,缠（纏）,纟，廛,,古,2
3047,缤,纟，宾,,ok,2
3048,剿,巢，刂,,ok,2
3049,静,青，争,,ok,2
3050,碧,王，白，石,,ok,3
3051,璃,王，离,,ok,2
3052,赘,敖，贝,,ok,2
3053,熬,敖，灬,,ok,2
3054,墙,土，啬,,ok,2
3055,墟,土，虚,,ok,2
3056,嘉,壴，加,,ok,2
3057,摧,扌，崔,,ok,2
3058,赫,赤，赤,,ok,2
3059,截,𢦏，隹,,ok,2
3060,誓,折，言,,ok,2
3061,境,土，竟,,ok,2
3062,摘,扌，啇,,ok,2
3063,摔,扌，率,,ok,2
3064,撇,扌，敝,,ok,2
3065,聚,取，乑,,ok,2
3066,慕,莫，⺗,,ok,2
3067,暮,莫，日,,ok,2
3068,摹,莫，手,,ok,2
3069,蔓,艹，曼,,ok,2
3070,蔑,艹，罒，戍,,ok,3
3071,蔡,艹，祭,,ok,2
3072,蔗,艹，庶,,ok,2
3073,蔽,艹，敝,,ok,2
3074,蔼,艹，谒,,ok,2
3075,熙,巸，灬,,ok,2
3076,蔚,艹，尉,,ok,2
3077,兢,克，克,,ok,2
3078,模,木，莫,,ok,2
3079,槛,木，监,,ok,2
3080,榴,木，留,,ok,2
3081,榜,木，旁,,ok,2
3082,榨,木，窄,,ok,2
3083,榕,木，容,,ok,2
3084,歌,哥，欠,,ok,2
3085,遭,曹，辶,,ok,2
3086,酵,酉，孝,,ok,2
3087,酷,酉，告,,ok,2
3088,酿,酉，良,,ok,2
3089,酸,酉，夋,,ok,2
3090,碟,石，枼,,ok,2
3091,碱,石，咸,,ok,2
3092,碳,石，炭,,ok,2
3093,磁,石，兹,,ok,2
3094,愿,原，心,,ok,2
3095,需,雨，而,,ok,2
3096,辖,车，害,,ok,2
3097,辗,车，展,,ok,2
3098,雌,此，隹,,ok,2
3099,裳,尚，衣,,ok,2
3100,颗,果，页,,ok,2
3101,瞅,目，秋,,ok,2
3102,墅,野，土,,ok,2
3103,嗽,口，欶,,ok,2
3104,踊,⻊，甬,,ok,2
3105,蜻,虫，青,,ok,2
3106,蜡,虫，昔,,ok,2
3107,蝇,虫，黾,,ok,2
3108,蜘,虫，知,,ok,2
3109,蝉,虫，单,,ok,2
3110,嘛,口，麻,,ok,2
3111,嘀,口，啇,,ok,2
3112,赚,贝，兼,,ok,2
3113,锹,钅，秋,,ok,2
3114,锻,钅，段,,ok,2
3115,镀,钅，度,,ok,2
3116,舞,舞,,ok,1
3117,舔,舌，忝,,ok,2
3118,稳,禾，急,,ok,2
3119,熏,熏,,ok,1
3120,箕,⺮，其,,ok,2
3121,算,⺮，目，廾,,ok,3
3122,箩,⺮，罗,,ok,2
3123,管,⺮，官,,ok,2
3124,箫,⺮，肃,,ok,2
3125,舆,车，舁,,ok,2
3126,僚,亻，尞,,ok,2
3127,僧,亻，曾,,ok,2
3128,鼻,自，畀,,ok,2
3129,魄,白，鬼,,ok,2
3130,魅,鬼，未,,ok,2
3131,貌,豸，皃,,ok,2
3132,膜,月，莫,,ok,2
3133,膊,月，尃,,ok,2
3134,膀,月，旁,,ok,2
3135,鲜,鱼，羊,,ok,2
3136,疑,匕，矢，龴，疋,,ok,4
3137,孵,卵，孚,,ok,2
3138,馒,饣，曼,,ok,2
3139,裹,衣，果,,ok,2
3140,敲,高s，攴,,省,2
3141,豪,高s，豕,,省,2
3142,膏,高s，月,,省,2
3143,遮,庶，辶,,ok,2
3144,腐,府，肉,,ok,2
3145,瘩,疒，荅,,ok,2
3146,瘟,疒，昷,,ok,2
3147,瘦,疒，叟,,ok,2
3148,辣,辛，束,,ok,2
3149,彰,章，彡,,ok,2
3150,竭,立，曷,,ok,2
3151,端,立，耑,,ok,2
3152,旗,㫃，其,,ok,2
3153,精,米，青,,ok,2
3154,粹,米，卒,,ok,2
3155,歉,兼，欠,,ok,2
3156,弊,敝，廾,,ok,2
3157,熄,火，息,,ok,2
3158,熔,火，容,,ok,2
3159,煽,火，扇,,ok,2
3160,潇,氵，萧,,ok,2
3161,漆,氵，桼,,ok,2
3162,漱,氵，欶,,ok,2
3163,漂,氵，票,,ok,2
3164,漫,氵，曼,,ok,2
3165,滴,氵，啇,,ok,2
3166,漾,氵，⺷，永,,ok,3
3167,演,氵，寅,,ok,2
3168,漏,氵，屚,,ok,2
3169,慢,忄，曼,,ok,2
3170,慷,忄，康,,ok,2
3171,寨,寒s，木,,省,2
3172,赛,寒s，贝,,省,2
3173,寡,宀，頁b，刀,,变,3
3174,察,宀，祭,,ok,2
3175,蜜,宓，虫,,ok,2
3176,寥,宀，翏,,ok,2
3177,谭,讠，覃,,ok,2
3178,肇,户，攵，聿,,ok,3
3179,褐,衤，曷,,ok,2
3180,褪,衤，退,,ok,2
3181,谱,讠，普,,ok,2
3182,隧,阝，遂,,ok,2
3183,嫩,女，敕,,ok,2
3184,翠,羽，卒,,ok,2
3185,熊,能，灬,,ok,2
3186,凳,登，几,,ok,2
3187,骡,马，累,,ok,2
3188,缩,纟，宿,,ok,2
3189,慧,丰，丰，彐，心,,ok,4
3190,撵,扌，辇,,ok,2
3191,撕,扌，斯,,ok,2
3192,撒,扌，散,,ok,2
3193,撩,扌，尞,,ok,2
3194,趣,走，取,,ok,2
3195,趟,走，尚,,ok,2
3196,撑,扌，掌,,ok,2
3197,撮,扌，最,,ok,2
3198,撬,扌，毳,,ok,2
3199,播,扌，番,,ok,2
3200,擒,扌，禽,,ok,2
3201,墩,土，敦,,ok,2
3202,撞,扌，童,,ok,2
3203,撤,扌，育，攵,,ok,3
3204,增,土，曾,,ok,2
3205,撰,扌，巽,,ok,2
3206,聪,耳，总,,ok,2
3207,鞋,革，圭,,ok,2
3208,鞍,革，安,,ok,2
3209,蕉,艹，焦,,ok,2
3210,蕊,艹，心，心，心,,ok,4
3211,蔬,艹，疏,,ok,2
3212,蕴,艹，缊,,ok,2
3213,横,木，黄,,ok,2
3214,槽,木，曹,,ok,2
3215,樱,木，婴,,ok,2
3216,橡,木，象,,ok,2
3217,樟,木，章,,ok,2
3218,橄,木，敢,,ok,2
3219,敷,甫，方，攵,,ok,3
3220,豌,豆，宛,,ok,2
3221,飘,票，风,,ok,2
3222,醋,酉，昔,,ok,2
3223,醇,酉，享,,ok,2
3224,醉,酉，卒,,ok,2
3225,磕,石，盍,,ok,2
3226,磊,石，石，石,,ok,3
3227,磅,石，旁,,ok,2
3228,碾,石，展,,ok,2
3229,震,雨，辰,,ok,2
3230,霄,雨，肖,,ok,2
3231,霉,雨，每,,ok,2
3232,瞒（瞞）,目，㒼,,古,2
3233,题,是，页,,ok,2
3234,暴,日，㳟,,ok,2
3235,瞎,目，害,,ok,2
3236,嘻,口，喜,,ok,2
3237,嘶,口，斯,,ok,2
3238,嘲,口，朝,,ok,2
3239,嘹,口，尞,,ok,2
3240,影,景，彡,,ok,2
3241,踢,⻊，易,,ok,2
3242,踏,⻊，沓,,ok,2
3243,踩,⻊，采,,ok,2
3244,踪,⻊，宗,,ok,2
3245,蝶,虫，枼,,ok,2
3246,蝴,虫，胡,,ok,2
3247,蝠,虫，畐,,ok,2
3248,蝎,虫，曷,,ok,2
3249,蝌,虫，科,,ok,2
3250,蝗,虫，皇,,ok,2
3251,蝙,虫，扁,,ok,2
3252,嘿,口，黑,,ok,2
3253,嘱,口，属,,ok,2
3254,幢,巾，童,,ok,2
3255,墨,黑，土,,ok,2
3256,镇,钅，真,,ok,2
3257,镐,钅，高,,ok,2
3258,镑,钅，旁,,ok,2
3259,靠,告，非,,ok,2
3260,稽,禾，尤，旨,,ok,3
3261,稻,禾，舀,,ok,2
3262,黎,黍，利s,,省,2
3263,稿,禾，高,,ok,2
3264,稼,禾，家,,ok,2
3265,箱,⺮，相,,ok,2
3266,篓,⺮，娄,,ok,2
3267,箭,⺮，前,,ok,2
3268,篇,⺮，扁,,ok,2
3269,僵,亻，畺,,ok,2
3270,躺,身，尚,,ok,2
3271,僻,彳，辟,,ok,2
3272,德,彳，𢛳,,ok,2
3273,艘,舟，叟,,ok,2
3274,膝,月，桼,,ok,2
3275,膛,月，堂,,ok,2
3276,鲤,鱼，里,,ok,2
3277,鲫,鱼，即,,ok,2
3278,熟,孰，灬,,ok,2
3279,摩,麻，手,,ok,2
3280,褒,衣，保,,ok,2
3281,瘪,疒，自，仑,,ok,3
3282,瘤,疒，留,,ok,2
3283,瘫,疒，难,,ok,2
3284,凛,冫，禀,,ok,2
3285,颜,彦，页,,ok,2
3286,毅,豙，殳,,ok,2
3287,糊,米，胡,,ok,2
3288,遵,尊，辶,,ok,2
3289,憋,敝，心,,ok,2
3289,潜,氵，替,,ok,2
3291,澎,氵，彭,,ok,2
3292,潮,氵，朝,,ok,2
3293,潭,氵，覃,,ok,2
3294,鲨,沙，鱼,,ok,2
3295,澳,氵，奥,,ok,2
3296,潘,氵，番,,ok,2
3297,澈,氵，育，攵,,ok,3
3298,澜,氵，阑,,ok,2
3299,澄,氵，登,,ok,2
3300,懂,忄，董,,ok,2
3301,憔,忄，焦,,ok,2
3302,懊,忄，奥,,ok,2
3303,憎,忄，曾,,ok,2
3304,额,客，页,,ok,2
3305,翩,扁，羽,,ok,2
3306,褥,衤，辱,,ok,2
3307,谴,讠，遣,,ok,2
3308,鹤,隺，鸟,,ok,2
3309,憨,敢，心,,ok,2
3310,慰,尉，心,,ok,2
3311,劈,辟，刀,,ok,2
3312,履,尸，彳，复,,ok,3
3313,豫,予，象,,ok,2
3314,缭,纟，尞,,ok,2
3315,撼,扌，感,,ok,2
3316,擂,扌，雷,,ok,2
3317,操,扌，喿,,ok,2
3318,擅,扌，亶,,ok,2
3319,燕,燕,,ok,1
3320,蕾,艹，雷,,ok,2
3321,薯,艹，署,,ok,2
3322,薛,艹，𠂤，辛,,ok,3
3323,薇,艹，微,,ok,2
3324,擎,敬，手,,ok,2
3325,薪,艹，新,,ok,2
3326,薄,艹，溥,,ok,2
3327,颠,真，页,,ok,2
3328,翰,倝，羽,,ok,3
3329,噩,噩,,ok,1
3330,橱,木，厨,,ok,2
3331,橙,木，登,,ok,2
3332,橘,木，矞,,ok,2
3333,整,敕，正,,ok,2
3334,融,鬲，虫,,ok,2
3335,瓢,票，瓜,,ok,2
3336,醒,酉，星,,ok,2
3337,霍,雨，隹,,ok,2
3338,霎,雨，妾,,ok,2
3339,辙,车，育，攵,,ok,3
3340,冀,北，田，共,,ok,3
3341,餐,歺，又，食,,ok,3
3342,嘴,口，觜,,ok,2
3343,踱,⻊，度,,ok,2
3344,蹄,⻊，帝,,ok,2
3345,蹂,⻊，柔,,ok,2
3346,蟆,虫，莫,,ok,2
3347,螃,虫，旁,,ok,2
3348,器,㗊，犬,,ok,2
3349,噪,口，喿,,ok,2
3350,鹦,婴，鸟,,ok,2
3351,赠,贝，曾,,ok,2
3352,默,黑，犬,,ok,2
3353,黔,黑，今,,ok,2
3354,镜,钅，竟,,ok,2
3355,赞,兟，贝,,ok,2
3356,穆,禾，白，小，彡,,ok,4
3357,篮,⺮，监,,ok,2
3358,篡,算b，厶,,变,2
3359,篷,⺮，逢,,ok,2
3360,篱,⺮，离,,ok,2
3361,儒,亻，需,,ok,2
3362,邀,敫，辶,,ok,2
3363,衡,行，角b，大,,变,3
3364,膨,月，彭,,ok,2
3365,雕,周，隹,,ok,2
3366,鲸,鱼，京,,ok,2
3367,磨,麻，石,,ok,2
3368,瘾,疒，隐,,ok,2
3369,瘸,疒，加，肉,,ok,3
3370,凝,冫，疑,,ok,2
3371,辨,辡，刀,,ok,2
3372,辩,辡，讠,,ok,2
3373,糙,米，造,,ok,2
3374,糖,米，唐,,ok,2
3375,糕,米，羔,,ok,2
3376,燃,火，然,,ok,2
3377,濒,氵，频,,ok,2
3378,澡,氵，喿,,ok,2
3379,激,氵，敫,,ok,2
3380,懒,忄，赖,,ok,2
3381,憾,忄，感,,ok,2
3382,懈,忄，解,,ok,2
3383,窿,穴，隆,,ok,2
3384,壁,辟，土,,ok,2
3385,避,辟，辶,,ok,2
3386,缰,纟，畺,,ok,2
3387,缴,纟，敫,,ok,2
3388,戴,𢦏，田，共,,ok,3
3389,擦,扌，察,,ok,2
3390,藉,艹，耒，昔,,ok,3
3391,鞠,革，匊,,ok,2
3392,藏,艹，臧,,ok,2
3393,藐,艹，貌,,ok,2
3394,檬,木，蒙,,ok,2
3395,檐,木，詹,,ok,2
3396,檀,木，亶,,ok,2
3397,礁,石，焦,,ok,2
3398,磷,石，粦,,ok,2
3399,霜,雨，相,,ok,2
3400,霞,雨，叚,,ok,2
3401,瞭,目，尞,,ok,2
3402,瞧,目，焦,,ok,2
3403,瞬,目，舜,,ok,2
3404,瞳,目，童,,ok,2
3405,瞩,目，属,,ok,2
3406,瞪,目，登,,ok,2
3407,曙,日，署,,ok,2
3408,蹋,⻊，日，羽,,ok,3
3409,蹈,⻊，舀,,ok,2
3410,螺,虫，累,,ok,2
3411,蟋,虫，悉,,ok,2
3412,蟀,虫，率,,ok,2
3413,嚎,口，豪,,ok,2
3414,赡,贝，詹,,ok,2
3415,穗,禾，惠,,ok,2
3416,魏,委，鬼,,ok,2
3417,簧,⺮，黄,,ok,2
3418,簇,⺮，族,,ok,2
3419,繁,敏，糸,,ok,2
3420,徽,彳，山，一，糸，攵,,ok,5
3421,爵,爫，罒，皀b，寸,,变,4
3422,朦,月，蒙,,ok,2
3423,臊,月，喿,,ok,2
3424,鳄,鱼，咢,,ok,2
3425,癌,疒，品，山,,ok,3
3426,辫,辡，纟,,ok,2
3427,赢,亡，口，月，贝，凡,,ok,5
3428,糟,米，曹,,ok,2
3429,糠,米，康,,ok,2
3430,燥,火，喿,,ok,2
3431,懦,忄，需,,ok,2
3432,豁,害，谷,,ok,2
3433,臀,殿，月,,ok,2
3434,臂,辟，月,,ok,2
3435,翼,羽，田，共,,ok,3
3436,骤,马，聚,,ok,2
3437,藕,艹，耒，禺,,ok,3
3438,鞭,革，便,,ok,2
3439,藤,艹，滕,,ok,2
3440,覆,覀，彳，复,,ok,3
3441,瞻,目，詹,,ok,2
3442,蹦,⻊，崩,,ok,2
3443,嚣,㗊，页,,ok,2
3444,镰,钅，廉,,ok,2
3445,翻,番，羽,,ok,2
3446,鳍,鱼，耆,,ok,2
3447,鹰,䧹，鸟,,ok,2
3448,瀑,氵，暴,,ok,2
3449,襟,衤，禁,,ok,2
3450,璧,辟，玉,,ok,2
3451,戳,翟，戈,,ok,2
3452,孽,薛，子,,ok,2
3453,警,敬，言,,ok,2
3454,蘑,艹，磨,,ok,2
3455,藻,艹，澡,,ok,2
3456,攀,林，爻，大，手,,ok,4
3457,曝,日，暴,,ok,2
3458,蹲,⻊，尊,,ok,2
3459,蹭,⻊，曾,,ok,2
3460,蹬,⻊，登,,ok,2
3461,巅,山，颠,,ok,2
3462,簸,⺮，其，皮,,ok,3
3463,簿,⺮，溥,,ok,2
3464,蟹,解，虫,,ok,2
3465,颤,亶，页,,ok,2
3466,靡,麻，非,,ok,2
3467,癣,疒，鲜,,ok,2
3468,瓣,辡，瓜,,ok,2
3469,羹,羔，美,,ok,2
3470,鳖,敝，鱼,,ok,2
3471,爆,火，暴,,ok,2
3472,疆,彊，土,,ok,2
3473,鬓,髟，宾,,ok,2
3474,壤,土，襄,,ok,2
3475,馨,殸，香,,ok,2
3476,耀,光，翟,,ok,2
3477,躁,⻊，喿,,ok,2
3478,蠕,虫，需,,ok,2
3479,嚼,口，爵,,ok,2
3480,嚷,口，襄,,ok,2
3481,巍,山，魏,,ok,2
3482,籍,⺮，耒，昔,,ok,3
3483,鳞,鱼，粦,,ok,2
3484,魔,麻，鬼,,ok,2
3485,糯,米，需,,ok,2
3486,灌,氵，雚,,ok,2
3487,譬,辟，言,,ok,2
3488,蠢,春，䖵,,ok,2
3489,霸,雨，革，月,,ok,3
3490,露,雨，路,,ok,2
3491,霹,雨，辟,,ok,2
3492,躏,⻊，蔺,,ok,2
3493,黯,黑，音,,ok,2
3494,髓,骨，左，月，辶,,ok,4
3495,赣,章，夂，贡,,ok,3
3496,囊,囊,,ok,1
3497,镶,钅，襄,,ok,2
3498,瓤,襄，瓜,,ok,2
3499,罐,缶，雚,,ok,2
3500,矗,直，直，直,,ok,3
3501,乂,乂,,ok,1
3502,乜,乜,,ok,1
3503,兀,兀,,ok,1
3504,弋,弋,,ok,1
3505,孑,孑,,ok,1
3506,孓,孓,,ok,1
3507,幺,幺,,ok,1
3508,亓,亓,,ok,1
3509,韦,韦,,ok,1
3510,廿,廿,,ok,1
3511,丏,丏,,ok,1
3512,卅,卅,,ok,1
3513,仄,厂，人,,ok,2
3514,厄,厂，㔾,,ok,2
3515,仃,亻，丁,,ok,2
3516,仉,亻，几,,ok,2
3517,仂,亻，力,,ok,2
3518,兮,八，丂,,ok,2
3519,刈,乂，刂,,ok,2
3520,爻,乂，乂,,ok,2
3521,卞,卞,,ok,1
3522,闩,门，一,,ok,2
3523,讣,讠，卜,,ok,2
3524,尹,尹,,ok,1
3525,夬,夬,,ok,1
3526,爿,爿,,ok,1
3527,毋,毋,,ok,1
3528,邗,干，阝,,ok,2
3529,邛,工，阝,,ok,2
3530,艽,艹，九,,ok,2
3531,艿,艹，乃,,ok,2
3532,札,木，乚,,ok,2
3533,叵,匚，口,,ok,2
3534,匝,匚，巾,,ok,2
3535,丕,不，一,,ok,2
3536,匜,匚，也,,ok,2
3537,劢,万，力,,ok,2
3538,卟,口，卜,,ok,2
3539,叱,口，七b,,ok,2
3540,叻,口，力,,ok,2
3541,仨,亻，三,,ok,2
3542,仕,亻，士,,ok,2
3543,仟,亻，千,,ok,2
3544,仡,亻，乞,,ok,2
3545,仫,亻，么,,ok,2
3546,仞,亻，刃,,ok,2
3547,卮,卮,,ok,1
3548,氐,氐,,ok,1
3549,犰,犭，九,,ok,2
3550,刍,刍,,ok,1
3551,邝,广，阝,,ok,2
3552,邙,亡，阝,,ok,2
3553,汀,氵，丁,,ok,2
3554,讦,讠，干,,ok,2
3555,讧,讠，工,,ok,2
3556,讪,讠，山,,ok,2
3557,讫,讠，乞,,ok,2
3558,尻,尸，九,,ok,2
3559,阡,阝，千,,ok,2
3560,尕,乃，小,,ok,2
3561,弁,厶，廾,,ok,2
3562,驭,马，又,,ok,2
3563,匡,匚，王,,ok,2
3564,耒,耒,,ok,1
3565,玎,王，丁,,ok,2
3566,玑,王，几,,ok,2
3567,邢,开，阝,,ok,2
3568,圩,土，于,,ok,2
3569,圬,土，亏,,ok,2
3570,圭,土，土,,ok,2
3571,扦,扌，千,,ok,2
3572,圪,土，乞,,ok,2
3573,圳,土，川,,ok,2
3574,圹,土，广,,ok,2
3575,扪,扌，门,,ok,2
3576,圮,土，己,,ok,2
3577,圯,土，巳,,ok,2
3578,芊,艹，千,,ok,2
3579,芍,艹，勺,,ok,2
3580,芄,艹，丸,,ok,2
3581,芨,艹，及,,ok,2
3582,芑,艹，己,,ok,2
3583,芎,艹，弓,,ok,2
3584,芗,艹，乡,,ok,2
3585,亘,亘,,ok,1
3586,厍,厂，车,,ok,2
3587,夼,大，川,,ok,2
3588,戍,戈，人,,ok,2
3589,尥,尢，勺,,ok,2
3590,乩,占，乚,,ok,2
3591,旯,日，九,,ok,2
3592,曳,曳,,ok,1
3593,岌,山，及,,ok,2
3594,屺,山，己,,ok,2
3595,凼,水，凵,,ok,2
3596,囡,囗，女,,ok,2
3597,钇,钅，乙,,ok,2
3598,缶,缶,,ok,1
3599,氘,气，丿，丨,,ok,3
3600,氖,气，乃,,ok,2
3601,牝,牜，匕,,ok,2
3602,伎,亻，支,,ok,2
3603,伛,亻，区,,ok,2
3604,伢,亻，牙,,ok,2
3605,佤,亻，瓦,,ok,2
3606,仵,亻，午,,ok,2
3607,伥,亻，长,,ok,2
3608,伧,亻，仓,,ok,2
3609,伉,亻，亢,,ok,2
3610,伫,亻，㝉,,ok,2
3611,囟,囟,,ok,1
3612,汆,入，水,,ok,2
3613,刖,月，刂,,ok,2
3614,夙,凡b，夕,,变,2
3615,旮,九，日,,ok,2
3616,刎,勿，刂,,ok,2
3617,犷,犭，广,,ok,2
3618,犸,犭，马,,ok,2
3619,舛,舛,,ok,1
3620,凫,鸟，几,,ok,2
3621,邬,乌，阝,,ok,2
3622,饧（餳）,饣，昜,,古,2
3623,汕,氵，山,,ok,2
3624,汔,氵，乞,,ok,2
3625,汐,氵，夕,,ok,2
3626,汲,氵，及,,ok,2
3627,汜,氵，巳,,ok,2
3628,汊,氵，叉,,ok,2
3629,忖,忄，寸,,ok,2
3630,忏,忄，千,,ok,2
3631,讴,讠，区,,ok,2
3632,讵,讠，巨,,ok,2
3633,祁,礻，阝,,ok,2
3634,讷,讠，内,,ok,2
3635,聿,聿,,ok,1
3636,艮,艮,,ok,1
3637,厾,⺄，去,,ok,2
3638,阱,阝，井,,ok,2
3639,阮,阝，元,,ok,2
3640,阪,阝，反,,ok,2
3641,丞,丞,,ok,1
3642,妁,女，勺,,ok,2
3643,牟,厶，牛,,ok,2
3644,纡,纟，于,,ok,2
3645,纣,纟，寸,,ok,2
3646,纥,纟，乞,,ok,2
3647,纨,纟，丸,,ok,2
3648,玕,王，干,,ok,2
3649,玙,王，与,,ok,2
3650,抟,扌，专,,ok,2
3651,抔,扌，不,,ok,2
3652,圻,土，斤,,ok,2
3653,坂,土，反,,ok,2
3654,坍,土，丹,,ok,2
3655,坞,土，乌,,ok,2
3656,抃,扌，卞,,ok,2
3657,抉,扌，夬,,ok,2
3658,㧐,扌，双,,ok,2
3659,芫,艹，元,,ok,2
3660,邯,甘，阝,,ok,2
3661,芸,艹，云,,ok,2
3662,芾,艹，巿,,ok,2
3663,苈,艹，历,,ok,2
3664,苣,艹，巨,,ok,2
3665,芷,艹，止,,ok,2
3666,芮,艹，内,,ok,2
3667,苋,艹，见,,ok,2
3668,芼,艹，毛,,ok,2
3669,苌,艹，长,,ok,2
3670,苁,艹，从,,ok,2
3671,芩,艹，今,,ok,2
3672,芪,艹，氏,,ok,2
3673,芡,艹，欠,,ok,2
3674,芟,艹，殳,,ok,2
3675,苄,艹，卞,,ok,2
3676,苎,艹，㝉,,ok,2
3677,苡,艹，以,,ok,2
3678,杌,木，兀,,ok,2
3679,杓,木，勺,,ok,2
3680,杞,木，己,,ok,2
3681,杈,木，叉,,ok,2
3682,忑,下，心,,ok,2
3683,孛,孛,,ok,1
3684,邴,丙，阝,,ok,2
3685,邳,丕，阝,,ok,2
3686,矶,石，几,,ok,2
3687,奁,大，区,,ok,2
3688,豕,豕,,ok,1
3689,忒,弋，心,,ok,2
3690,欤,与，欠,,ok,2
3691,轫,车，刃,,ok,2
3692,迓,牙，辶,,ok,2
3693,邶,北，阝,,ok,2
3694,忐,上，心,,ok,2
3695,卣,卣,,ok,1
3696,邺,业，阝,,ok,2
3697,旰,日，干,,ok,2
3698,呋,口，夫,,ok,2
3699,呒,口，无,,ok,2
3700,呓,口，艺,,ok,2
3701,呔,口，太,,ok,2
3702,呖,口，历,,ok,2
3703,呃,口，厄,,ok,2
3704,旸（暘）,日，昜,,古,2
3705,吡,口，比,,ok,2
3706,町,田，丁,,ok,2
3707,虬,虫，乚,,ok,2
3708,呗,口，贝,,ok,2
3709,吽,口，牛,,ok,2
3710,吣,口，心,,ok,2
3711,吲,口，引,,ok,2
3712,帏,巾，韦,,ok,2
3713,岐,山，支,,ok,2
3714,岈,山，牙,,ok,2
3715,岘,山，见,,ok,2
3716,岑,山，今,,ok,2
3717,岚,山，风,,ok,2
3718,兕,凹，儿,,ok,2
3719,囵,囗，仑,,ok,2
3720,囫,囗，勿,,ok,2
3721,钊,钅，刂,,ok,2
3722,钋,钅，卜,,ok,2
3723,钌,钅，了,,ok,2
3724,迕,午，辶,,ok,2
3725,氙,气，山,,ok,2
3726,氚,气，川,,ok,2
3727,牤,牜，亡,,ok,2
3728,佞,亻，二，女,,ok,3
3729,邱,丘，阝,,ok,2
3730,攸,亻，丨，攵,,ok,3
3731,佚,亻，失,,ok,2
3732,佝,亻，句,,ok,2
3733,佟,亻，冬,,ok,2
3734,佗,亻，它,,ok,2
3735,伽,亻，加,,ok,2
3736,彷,彳，方,,ok,2
3737,佘,人，示,,ok,2
3738,佥,佥,,ok,1
3739,孚,爫，子,,ok,2
3740,豸,豸,,ok,1
3741,坌,分，土,,ok,2
3742,肟,月，亏,,ok,2
3743,邸,氐，阝,,ok,2
3744,奂,奂,,ok,1
3745,劬,句，力,,ok,2
3746,狄,犭，火,,ok,2
3747,狁,犭，允,,ok,2
3748,鸠,九，鸟,,ok,2
3749,邹,刍，阝,,ok,2
3750,饨,饣，屯,,ok,2
3751,饩,饣，气,,ok,2
3752,饪,饣，壬,,ok,2
3753,饫,饣，夭,,ok,2
3754,饬,饣，𠂉，力,,ok,3
3755,亨,亠，口，了,,ok,3
3756,庑,广，无,,ok,2
3757,庋,广，支,,ok,2
3758,疔,疒，丁,,ok,2
3759,疖（癤）,疒，節,,古,2
3760,肓,亡，月,,ok,2
3761,闱,门，韦,,ok,2
3762,闳,门，厷,,ok,2
3763,闵,门，文,,ok,2
3764,羌,⺶，乚,,ok,2
3765,炀（煬）,火，昜,,古,2
3766,沣,氵，丰,,ok,2
3767,沅,氵，元,,ok,2
3768,沔,氵，丏,,ok,2
3769,沤,氵，区,,ok,2
3770,沌,氵，屯,,ok,2
3771,沏,氵，切,,ok,2
3772,沚,氵，止,,ok,2
3773,汩,氵，曰,,ok,2
3774,汨,氵，日,,ok,2
3775,沂,氵，斤,,ok,2
3776,汾,氵，分,,ok,2
3777,沨,氵，风,,ok,2
3778,汴,氵，卞,,ok,2
3779,汶,氵，文,,ok,2
3780,沆,氵，亢,,ok,2
3781,沩,氵，为,,ok,2
3782,泐,氵，阞,,ok,2
3783,怃,忄，无,,ok,2
3784,怄,忄，区,,ok,2
3785,忡,忄，中,,ok,2
3786,忤,忄，午,,ok,2
3787,忾,忄，气,,ok,2
3788,怅,忄，长,,ok,2
3789,忻,忄，斤,,ok,2
3790,忪,忄，公,,ok,2
3791,怆,忄，仓,,ok,2
3792,忭,忄，卞,,ok,2
3793,忸,忄，丑,,ok,2
3794,诂,讠，古,,ok,2
3795,诃,讠，可,,ok,2
3796,诅,讠，且,,ok,2
3797,诋,讠，氐,,ok,2
3798,诌,讠，刍,,ok,2
3799,诏,讠，召,,ok,2
3800,诒,讠，台,,ok,2
3801,孜,子，攵,,ok,2
3802,陇,阝，龙,,ok,2
3803,陀,阝，它,,ok,2
3804,陂,阝，皮,,ok,2
3805,陉（陘）,阝，巠,,古,2
3806,妍,女，开,,ok,2
3807,妩,女，无,,ok,2
3808,妪,女，区,,ok,2
3809,妣,女，比,,ok,2
3810,妊,女，壬,,ok,2
3811,妗,女，今,,ok,2
3812,妫,女，为,,ok,2
3813,妞,女，丑,,ok,2
3814,姒,女，以,,ok,2
3815,妤,女，予,,ok,2
3816,邵,召，阝,,ok,2
3817,劭,召，力,,ok,2
3818,刭（剄）,巠，刂,,ok,2
3819,甬,甬,,ok,1
3820,邰,台，阝,,ok,2
3821,纭,纟，云,,ok,2
3822,纰,纟，比,,ok,2
3823,纴,纟，壬,,ok,2
3824,纶,纟，仑,,ok,2
3825,纾,纟，予,,ok,2
3826,玮,王，韦,,ok,2
3827,玡,王，牙,,ok,2
3828,玭,王，比,,ok,2
3829,玠,王，介,,ok,2
3830,玢,王，分,,ok,2
3831,玥,王，月,,ok,2
3832,玦,王，夬,,ok,2
3833,盂,于，皿,,ok,2
3834,忝,天，⺗,,ok,2
3835,匦,匚，轨,,ok,2
3836,坩,土，甘,,ok,2
3837,抨,扌，平,,ok,2
3838,拤,扌，卡,,ok,2
3839,坫,土，占,,ok,2
3840,拈,扌，占,,ok,2
3841,垆,土，卢,,ok,2
3842,抻,扌，申,,ok,2
3843,劼,吉，力,,ok,2
3844,拃,扌，乍,,ok,2
3845,拊,扌，付,,ok,2
3846,坼,土，斥,,ok,2
3847,坻,土，氐,,ok,2
3848,㧟,扌，汇,,ok,2
3849,坨,土，它,,ok,2
3850,坭,土，尼,,ok,2
3851,抿,扌，民,,ok,2
3852,坳,土，幼,,ok,2
3853,耶,耳，阝,,ok,2
3854,苷,艹，甘,,ok,2
3855,苯,艹，本,,ok,2
3856,苤,艹，丕,,ok,2
3857,茏,艹，龙,,ok,2
3858,苫,艹，占,,ok,2
3859,苜,艹，目,,ok,2
3860,苴,艹，且,,ok,2
3861,苒,艹，冉,,ok,2
3862,苘,艹，冋,,ok,2
3863,茌,艹，仕,,ok,2
3864,苻,艹，付,,ok,2
3865,苓,艹，令,,ok,2
3866,茚,艹，印,,ok,2
3867,茆,艹，卯,,ok,2
3868,茑,艹，鸟,,ok,2
3869,茓,艹，穴,,ok,2
3870,茔（塋）,𤇾，土,,古,2
3871,茕（煢）,𤇾，卂,,古,2
3872,茀,艹，弗,,ok,2
3873,苕,艹，召,,ok,2
3874,枥,木，历,,ok,2
3875,枇,木，比,,ok,2
3876,杪,木，少,,ok,2
3877,杳,木，日,,ok,2
3878,枧,木，见,,ok,2
3879,杵,木，午,,ok,2
3880,枨,木，长,,ok,2
3881,枞,木，从,,ok,2
3882,枋,木，方,,ok,2
3883,杻,木，丑,,ok,2
3884,杷,木，巴,,ok,2
3885,杼,木，予,,ok,2
3886,矸,石，干,,ok,2
3887,砀（碭）,石，昜,,古,2
3888,刳,夸，刂,,ok,2
3889,奄,大，电,,ok,2
3890,瓯,区，瓦,,ok,2
3891,殁,歹，殳,,ok,2
3892,郏,夹，阝,,ok,2
3893,轭,车，厄,,ok,2
3894,郅,至，阝,,ok,2
3895,鸢,弋，鸟,,ok,2
3896,盱,目，于,,ok,2
3897,昊,日，天,,ok,2
3898,昙,日，云,,ok,2
3899,杲,日，木,,ok,2
3900,昃,日，仄,,ok,2
3901,咂,口，匝,,ok,2
3902,呸,口，丕,,ok,2
3903,昕,日，斤,,ok,2
3904,昀,日，匀,,ok,2
3905,旻,日，文,,ok,2
3906,昉,日，方,,ok,2
3907,炅,日，火,,ok,2
3908,咔,口，卡,,ok,2
3909,畀,田，丌,,ok,2
3910,虮,虫，几,,ok,2
3911,咀,口，且,,ok,2
3912,呷,口，甲,,ok,2
3913,黾,口，电,,ok,2
3914,呱,口，瓜,,ok,2
3915,呤,口，令,,ok,2
3916,咚,口，冬,,ok,2
3917,咆,口，包,,ok,2
3918,咛,口，宁,,ok,2
3919,呶,口，奴,,ok,2
3920,呣,口，母,,ok,2
3921,呦,口，幼,,ok,2
3922,咝,口，丝,,ok,2
3923,岢,山，可,,ok,2
3924,岿,山，归,,ok,2
3925,岬,山，甲,,ok,2
3926,岫,山，由,,ok,2
3927,帙,巾，失,,ok,2
3928,岣,山，句,,ok,2
3929,峁,山，卯,,ok,2
3930,刿,岁，刂,,ok,2
3931,迥,冋，辶,,ok,2
3932,岷,山，民,,ok,2
3933,剀,山，己b，刂,,变,3
3934,帔,巾，皮,,ok,2
3935,峄（嶧）,山，睪,,古,2
3936,沓,水，曰,,ok,2
3937,囹,囗，令,,ok,2
3938,罔,网b，亡,,变,2
3939,钍,钅，土,,ok,2
3940,钎,钅，千,,ok,2
3941,钏,钅，川,,ok,2
3942,钒,钅，凡,,ok,2
3943,钕,钅，女,,ok,2
3944,钗,钅，叉,,ok,2
3945,邾,朱，阝,,ok,2
3946,迮,乍，辶,,ok,2
3947,牦,牜，毛,,ok,2
3948,竺,⺮，二,,ok,2
3949,迤,㐌，辶,,ok,2
3950,佶,亻，吉,,ok,2
3951,佬,亻，老,,ok,2
3952,佰,亻，百,,ok,2
3953,侑,亻，有,,ok,2
3954,侉,亻，夸,,ok,2
3955,臾,臼，人,,ok,2
3956,岱,代，山,,ok,2
3957,侗,亻，同,,ok,2
3958,侃,亻，口，儿，丨,,ok,4
3959,侏,亻，朱,,ok,2
3960,侩,亻，会,,ok,2
3961,佻,亻，兆,,ok,2
3962,佾,亻，八，月,,ok,3
3963,侪,亻，齐,,ok,2
3964,佼,亻，交,,ok,2
3965,佯,亻，羊,,ok,2
3966,侬,亻，农,,ok,2
3967,帛,白，巾,,ok,2
3968,阜,阜,,ok,1
3969,侔,亻，牟,,ok,2
3970,徂,彳，且,,ok,2
3971,刽,会，刂,,ok,2
3972,郄,㐅，厷，阝,,ok,3
3973,怂,从，心,,ok,2
3974,籴,入，米,,ok,2
3975,瓮,公，瓦,,ok,2
3976,戗,仓，戈,,ok,2
3977,肼,月，井,,ok,2
3978,䏝,月，专,,ok,2
3979,肽,月，太,,ok,2
3980,肱,月，厷,,ok,2
3981,肫,月，屯,,ok,2
3982,剁,朵，刂,,ok,2
3983,迩,尔，辶,,ok,2
3984,郇,旬，阝,,ok,2
3985,狙,犭，且,,ok,2
3986,狎,犭，甲,,ok,2
3987,狍,犭，包,,ok,2
3988,狒,犭，弗,,ok,2
3989,咎,处，口,,ok,2
3990,炙,月，火,,ok,2
3991,枭,鸟，木,,ok,2
3992,饯,饣，戋,,ok,2
3993,饴,饣，台,,ok,2
3994,冽,冫，列,,ok,2
3995,冼,冫，先,,ok,2
3996,庖,广，包,,ok,2
3997,疠,疒，万,,ok,2
3998,疝,疒，山,,ok,2
3999,疡（瘍）,疒，昜,,古,2
4000,兖,六，允,,ok,2
4001,妾,立，女,,ok,2
4002,劾,亥，力,,ok,2
4003,炜,火，韦,,ok,2
4004,𬉼,火，区,,ok,2
4005,炖,火，屯,,ok,2
4006,炘,火，斤,,ok,2
4007,炝,火，仓,,ok,2
4008,炔,火，夬,,ok,2
4009,泔,氵，甘,,ok,2
4010,沭,氵，术,,ok,2
4011,泷,氵，龙,,ok,2
4012,泸,氵，卢,,ok,2
4013,泱,氵，央,,ok,2
4014,泅,氵，囚,,ok,2
4015,泗,氵，四,,ok,2
4016,泠,氵，令,,ok,2
4017,泺,氵，乐,,ok,2
4018,泖,氵，卯,,ok,2
4019,泫,氵，玄,,ok,2
4020,泮,氵，半,,ok,2
4021,沱,氵，它,,ok,2
4022,泯,氵，民,,ok,2
4023,泓,氵，弘,,ok,2
4024,泾（涇）,氵，巠,,古,2
4025,怙,忄，古,,ok,2
4026,怵,忄，术,,ok,2
4027,怦,忄，平,,ok,2
4028,怛,忄，旦,,ok,2
4029,怏,忄，央,,ok,2
4030,怍,忄，乍,,ok,2
4031,㤘,忄，刍,,ok,2
4032,怩,忄，尼,,ok,2
4033,怫,忄，弗,,ok,2
4034,怿（懌）,忄，睪,,古,2
4035,宕,宀，石,,ok,2
4036,穹,穴，弓,,ok,2
4037,宓,宀，必,,ok,2
4038,诓,讠，匡,,ok,2
4039,诔,讠，耒,,ok,2
4040,诖,讠，圭,,ok,2
4041,诘,讠，吉,,ok,2
4042,戾,户，犬,,ok,2
4043,诙,讠，灰,,ok,2
4044,戽,户，斗,,ok,2
4045,郓,军，阝,,ok,2
4046,衩,衤，叉,,ok,2
4047,祆,礻，天,,ok,2
4048,祎,礻，韦,,ok,2
4049,祉,礻，止,,ok,2
4050,祇,礻，氏,,ok,2
4051,诛,讠，朱,,ok,2
4052,诜,讠，先,,ok,2
4053,诟,讠，后,,ok,2
4054,诠,讠，全,,ok,2
4055,诣,讠，旨,,ok,2
4056,诤,讠，争,,ok,2
4057,诧,讠，宅,,ok,2
4058,诨,讠，军,,ok,2
4059,诩,讠，羽,,ok,2
4060,戕,爿，戈,,ok,2
4061,孢,子，包,,ok,2
4062,亟,亟,,ok,1
4063,陔,阝，亥,,ok,2
4064,妲,女，旦,,ok,2
4065,妯,女，由,,ok,2
4066,姗,女，册,,ok,2
4067,帑,奴，巾,,ok,2
4068,弩,奴，弓,,ok,2
4069,孥,奴，子,,ok,2
4070,驽,奴，马,,ok,2
4071,虱,丿b，虫，⺄,,变,3
4072,迦,加，辶,,ok,2
4073,迨,台，辶,,ok,2
4074,绀,纟，甘,,ok,2
4075,绁,纟，世,,ok,2
4076,绂,纟，犮,,ok,2
4077,驷,马，四,,ok,2
4078,驸,马，付,,ok,2
4079,绉,纟，刍,,ok,2
4080,绌,纟，出,,ok,2
4081,驿（驛）,马，睪,,古,2
4082,骀,马，台,,ok,2
4083,甾,巛，田,,ok,2
4084,珏,王，玉,,ok,2
4085,珐,王，去,,ok,2
4086,珂,王，可,,ok,2
4087,珑,王，龙,,ok,2
4088,玳,王，代,,ok,2
4089,珀,王，白,,ok,2
4090,顸,干，页,,ok,2
4091,珉,王，民,,ok,2
4092,珈,王，加,,ok,2
4093,拮,扌，吉,,ok,2
4094,垭,土，亚,,ok,2
4095,挝,扌，过,,ok,2
4096,垣,土，至,,ok,2
4097,挞,扌，达,,ok,2
4098,垤,土，至,,ok,2
4099,赳,走，丩,,ok,2
4100,贲,卉，贝,,ok,2
4101,垱,土，当,,ok,2
4102,垌,土，同,,ok,2
4103,郝,赤，阝,,ok,2
4104,垧,土，向,,ok,2
4105,垓,土，亥,,ok,2
4106,挦,扌，寻,,ok,2
4107,垠,土，艮,,ok,2
4108,茜,艹，西,,ok,2
4109,荚,艹，夹,,ok,2
4110,荑,艹，夷,,ok,2
4111,贳,世，贝,,ok,2
4112,荜,艹，毕,,ok,2
4113,莒,艹，吕,,ok,2
4114,茼,艹，同,,ok,2
4115,茴,艹，回,,ok,2
4116,茱,艹，朱,,ok,2
4117,莛,艹，廷,,ok,2
4118,荞,艹，乔,,ok,2
4119,茯,艹，伏,,ok,2
4120,荏,艹，任,,ok,2
4121,荇,艹，行,,ok,2
4122,荃,艹，全,,ok,2
4123,荟,艹，会,,ok,2
4124,荀,艹，旬,,ok,2
4125,茗,艹，名,,ok,2
4126,荠,艹，齐,,ok,2
4127,茭,艹，交,,ok,2
4128,茨,艹，次,,ok,2
4129,垩,亚，土,,ok,2
4130,荥（滎）,𤇾，水,,古,2
4131,荦（犖）,𤇾，牛,,古,2
4132,荨,艹，寻,,ok,2
4133,荩,艹，尽,,ok,2
4134,剋,克，刂,,ok,2
4135,荪,艹，孙,,ok,2
4136,茹,艹，如,,ok,2
4137,荬,艹，买,,ok,2
4138,荮,艹，纣,,ok,2
4139,柰,木，示,,ok,2
4140,栉,木，节,,ok,2
4141,柯,木，可,,ok,2
4142,柘,木，石,,ok,2
4143,栊,木，龙,,ok,2
4144,柩,木，匚，久,,ok,3
4145,枰,木，平,,ok,2
4146,栌,木，卢,,ok,2
4147,柙,木，甲,,ok,2
4148,枵,木，号,,ok,2
4149,柚,木，由,,ok,2
4150,枳,木，只,,ok,2
4151,柞,木，乍,,ok,2
4152,柝,木，斥,,ok,2
4153,栀,木，卮,,ok,2
4154,柢,木，氐,,ok,2
4155,栎,木，乐,,ok,2
4156,枸,木，句,,ok,2
4157,柈,木，半,,ok,2
4158,柁,木，它,,ok,2
4159,枷,木，加,,ok,2
4160,柽,木，圣,,ok,2
4161,剌,束，刂,,ok,2
4162,酊,酉，丁,,ok,2
4163,郦,丽，阝,,ok,2
4164,甭,不，用,,ok,2
4165,砗,石，车,,ok,2
4166,砘,石，屯,,ok,2
4167,砒,石，比,,ok,2
4168,斫,石，斤,,ok,2
4169,砭,石，乏,,ok,2
4170,砜,石，风,,ok,2
4171,奎,大，圭,,ok,2
4172,耷,大，耳,,ok,2
4173,虺,兀，虫,,ok,2
4174,殂,歹，且,,ok,2
4175,殇（殤）,歹，𠂉，昜,,古,3
4176,殄,歹，㐱,,ok,2
4177,殆,歹，台,,ok,2
4178,轱,车，古,,ok,2
4179,轲,车，可,,ok,2
4180,轳,车，卢,,ok,2
4181,轶,车，失,,ok,2
4182,轸,车，㐱,,ok,2
4183,虿,万，虫,,ok,2
4184,毖,比，必,,ok,2
4185,觇,占，见,,ok,2
4186,尜,小，大，小,,ok,3
4187,哐,口，匡,,ok,2
4188,眄,目，丏,,ok,2
4189,眍,目，区,,ok,2
4190,𠳐,口，邦,,ok,2
4191,郢,呈，阝,,ok,2
4192,眇,目，少,,ok,2
4193,眊,目，毛,,ok,2
4194,眈,目，冘,,ok,2
4195,禺,禺,,ok,1
4196,哂,口，西,,ok,2
4197,咴,口，灰,,ok,2
4198,曷,日，匃,,ok,2
4199,昴,日，卯,,ok,2
4200,昱,日，立,,ok,2
4201,昵,日，尼,,ok,2
4202,咦,口，夷,,ok,2
4203,哓,口，尧,,ok,2
4204,哔,口，毕,,ok,2
4205,畎,田，犬,,ok,2
4206,毗,田，比,,ok,2
4207,呲,口，此,,ok,2
4208,胄,由，月,,ok,2
4209,畋,田，攵,,ok,2
4210,畈,田，反,,ok,2
4211,虼,虫，乞,,ok,2
4212,虻,虫，亡,,ok,2
4213,盅,中，皿,,ok,2
4214,咣,口，光,,ok,2
4215,哕,口，岁,,ok,2
4216,剐,呙，刂,,ok,2
4217,郧,员，阝,,ok,2
4218,咻,口，休,,ok,2
4219,囿,囗，有,,ok,2
4220,咿,口，伊,,ok,2
4221,哌,口，𠂢b,,变,2
4222,哙,口，会,,ok,2
4223,哚,口，朵,,ok,2
4224,咯,口，各,,ok,2
4225,咩,口，羊,,ok,2
4226,咤,口，宅,,ok,2
4227,哝,口，农,,ok,2
4228,哏,口，艮,,ok,2
4229,哞,口，牟,,ok,2
4230,峙,山，寺,,ok,2
4231,峣,山，尧,,ok,2
4232,罘,罒，不,,ok,2
4233,帧,巾，贞,,ok,2
4234,峒,山，同,,ok,2
4235,峤,山，乔,,ok,2
4236,峋,山，旬,,ok,2
4237,峥,山，争,,ok,2
4238,贶,贝，兄,,ok,2
4239,钚,钅，不,,ok,2
4240,钛,钅，太,,ok,2
4241,钡,钅，贝,,ok,2
4242,钣,钅，反,,ok,2
4243,钤,钅，今,,ok,2
4244,钨,钅，乌,,ok,2
4245,钫,钅，方,,ok,2
4246,钯,钅，巴,,ok,2
4247,氡,气，冬,,ok,2
4248,氟,气，弗,,ok,2
4249,牯,牜，古,,ok,2
4250,郜,告，阝,,ok,2
4251,秕,禾，比,,ok,2
4252,秭,禾，𠂔,,ok,2
4253,竽,⺮，于,,ok,2
4254,笈,⺮，及,,ok,2
4255,笃,⺮，马,,ok,2
4256,俦,亻，寿,,ok,2
4257,俨,亻，严,,ok,2
4258,俅,亻，求,,ok,2
4259,俪,亻，丽,,ok,2
4260,叟,叟,,ok,1
4261,垡,伐，土,,ok,2
4262,牮,代，牛,,ok,2
4263,俣,亻，吴,,ok,2
4264,俚,亻，里,,ok,2
4265,皈,白，反,,ok,2
4266,俑,亻，甬,,ok,2
4267,俟,亻，矣,,ok,2
4268,逅,后，辶,,ok,2
4269,徇,彳，旬,,ok,2
4270,徉,彳，羊,,ok,2
4271,舢,舟，山,,ok,2
4272,俞,俞,,ok,1
4273,郗,希，阝,,ok,2
4274,俎,仌，且,,ok,2
4275,郤,谷，阝,,ok,2
4276,爰,爫，一，友,,ok,3
4277,郛,孚，阝,,ok,2
4278,瓴,令，瓦,,ok,2
4279,胨,月，东,,ok,2
4280,胪,月，卢,,ok,2
4281,胛,月，甲,,ok,2
4282,胂,月，申,,ok,2
4283,胙,月，乍,,ok,2
4284,胍,月，瓜,,ok,2
4285,胗,月，㐱,,ok,2
4286,胝,月，氐,,ok,2
4287,朐,月，句,,ok,2
4288,胫（脛）,月，巠,,古,2
4289,鸨,匕，十，鸟,,ok,3
4290,匍,勹，甫,,ok,2
4291,狨,犭，戎,,ok,2
4292,狯,犭，会,,ok,2
4293,飑,风，包,,ok,2
4294,狩,犭，守,,ok,2
4295,狲,犭，孙,,ok,2
4296,訇,勹，言,,ok,2
4297,逄,夅，辶,,ok,2
4298,昝,处，日,,ok,2
4299,饷,饣，向,,ok,2
4300,饸,饣，合,,ok,2
4301,饹,饣，各,,ok,2
4302,胤,儿，幺，月,,ok,3
4303,孪,亦，子,,ok,2
4304,娈,亦，女,,ok,2
4305,弈,亦，廾,,ok,2
4306,奕,亦，大,,ok,2
4307,庥,广，休,,ok,2
4308,疬,疒，历,,ok,2
4309,疣,疒，尤,,ok,2
4310,疥,疒，介,,ok,2
4311,疭,疒，从,,ok,2
4312,庠,广，羊,,ok,2
4313,竑,立，厷,,ok,2
4314,彦,产，彡,,ok,2
4315,飒,立，风,,ok,2
4316,闼,门，达,,ok,2
4317,闾,门，吕,,ok,2
4318,闿,门，岂,,ok,2
4319,阂,门，亥,,ok,2
4320,羑,⺷，久,,ok,2
4321,迸,并，辶,,ok,2
4322,籼,米，山,,ok,2
4323,酋,酋,,ok,1
4324,炳,火，丙,,ok,2
4325,炻,火，石,,ok,2
4326,炽,火，只,,ok,2
4327,炯,火，冋,,ok,2
4328,烀,火，乎,,ok,2
4329,炷,火，主,,ok,2
4330,烃（烴）,火，巠,,古,2
4331,洱,氵，耳,,ok,2
4332,洹,氵，亘,,ok,2
4333,洧,氵，有,,ok,2
4334,洌,氵，列,,ok,2
4335,浃,氵，夹,,ok,2
4336,洇,氵，因,,ok,2
4337,洄,氵，回,,ok,2
4338,洙,氵，朱,,ok,2
4339,涎,氵，延,,ok,2
4340,洎,氵，自,,ok,2
4341,洫,氵，血,,ok,2
4342,浍,氵，会,,ok,2
4343,洮,氵，兆,,ok,2
4344,洵,氵，旬,,ok,2
4345,浒,氵，许,,ok,2
4346,浔,氵，寻,,ok,2
4347,浕,氵，尽,,ok,2
4348,洳,氵，如,,ok,2
4349,恸,忄，动,,ok,2
4350,恓,忄，西,,ok,2
4351,恹,忄，厌,,ok,2
4352,恫,忄，同,,ok,2
4353,恺,忄，岂,,ok,2
4354,恻,忄，则,,ok,2
4355,恂,忄，旬,,ok,2
4356,恪,忄，各,,ok,2
4357,恽,忄，军,,ok,2
4358,宥,宀，有,,ok,2
4359,扃,户，冋,,ok,2
4360,衲,衤，内,,ok,2
4361,衽,衤，壬,,ok,2
4362,衿,衤，今,,ok,2
4363,袂,衤，夬,,ok,2
4364,祛,礻，去,,ok,2
4365,祜,礻，古,,ok,2
4366,祓,礻，犮,,ok,2
4367,祚,礻，乍,,ok,2
4368,诮,讠，肖,,ok,2
4369,祗,礻，氐,,ok,2
4370,祢,礻，尔,,ok,2
4371,诰,讠，告,,ok,2
4372,诳,讠，狂,,ok,2
4373,鸩,冘，鸟,,ok,2
4374,昶,永，日,,ok,2
4375,郡,君，阝,,ok,2
4376,咫,尺，只,,ok,2
4377,弭,弓，耳,,ok,2
4378,牁,爿，可,,ok,2
4379,胥,疋，月,,ok,2
4380,陛,阝，比，土,,ok,3
4381,陟,阝，步,,ok,2
4382,娅,女，亚,,ok,2
4383,姮,女，亘,,ok,2
4384,娆,女，尧,,ok,2
4385,姝,女，朱,,ok,2
4386,姣,女，交,,ok,2
4387,姘,女，并,,ok,2
4388,姹,女，宅,,ok,2
4389,怼,对，心,,ok,2
4390,羿,羽，廾,,ok,2
4391,炱,台，火,,ok,2
4392,矜,矛，今,,ok,2
4393,绔,纟，夸,,ok,2
4394,骁,马，尧,,ok,2
4395,骅,马，华,,ok,2
4396,绗,纟，行,,ok,2
4397,绛,纟，夅,,ok,2
4398,骈,马，并,,ok,2
4399,耖,耒，少,,ok,2
4400,挈,丰，刀，手,,ok,3
4401,珥,王，耳,,ok,2
4402,珙,王，共,,ok,2
4403,顼,王，页,,ok,2
4404,珰,王，当,,ok,2
4405,珩,王，行,,ok,2
4406,珧,王，兆,,ok,2
4407,珣,王，旬,,ok,2
4408,珞,王，各,,ok,2
4409,琤,王，争,,ok,2
4410,珲,王，军,,ok,2
4411,敖,敖,,ok,1
4412,恚,圭，心,,ok,2
4413,埔,土，甫,,ok,2
4414,埕,土，呈,,ok,2
4415,埘,土，时,,ok,2
4416,埙,土，员,,ok,2
4417,埚,土，呙,,ok,2
4418,挹,扌，邑,,ok,2
4419,耆,老，日,,ok,2
4420,耄,老，毛,,ok,2
4421,埒,土，寽,,ok,2
4422,捋,扌，寽,,ok,2
4423,贽,执，贝,,ok,2
4424,垸,土，完,,ok,2
4425,捃,扌，君,,ok,2
4426,盍,去，皿,,ok,2
4427,荸,艹，孛,,ok,2
4428,莆,艹，甫,,ok,2
4429,莳,艹，时,,ok,2
4430,莴,艹，呙,,ok,2
4431,莪,艹，我,,ok,2
4432,莠,艹，秀,,ok,2
4433,莓,艹，每,,ok,2
4434,莜,艹，攸,,ok,2
4435,莅,艹，位,,ok,2
4436,荼,艹，余,,ok,2
4437,莩,艹，孚,,ok,2
4438,荽,艹，妥,,ok,2
4439,莸,艹，犹,,ok,2
4440,荻,艹，狄,,ok,2
4441,莘,艹，辛,,ok,2
4442,莎,艹，沙,,ok,2
4443,莞,艹，完,,ok,2
4444,莨,艹，良,,ok,2
4445,鸪,古，鸟,,ok,2
4446,莼,艹，纯,,ok,2
4447,栲,木，考,,ok,2
4448,栳,木，老,,ok,2
4449,郴,林，阝,,ok,2
4450,桓,木，亘,,ok,2
4451,桡,木，尧,,ok,2
4452,桎,木，至,,ok,2
4453,桢,木，贞,,ok,2
4454,桤,木，岂,,ok,2
4455,梃,木，廷,,ok,2
4456,栝,木，舌,,ok,2
4457,桕,木，臼,,ok,2
4458,桁,木，行,,ok,2
4459,桧,木，会,,ok,2
4460,桅,木，危,,ok,2
4461,栟,木，并,,ok,2
4462,桉,木，安,,ok,2
4463,栩,木，羽,,ok,2
4464,逑,求，辶,,ok,2
4465,逋,甫，辶,,ok,2
4466,彧,彧,,ok,1
4467,鬲,鬲,,ok,1
4468,豇,豆，工,,ok,2
4469,酐,酉，干,,ok,2
4470,逦,丽，辶,,ok,2
4471,厝,厂，昔,,ok,2
4472,孬,不，好,,ok,2
4473,砝,石，去,,ok,2
4474,砹,石，艾,,ok,2
4475,砺,石，厉,,ok,2
4476,砧,石，占,,ok,2
4477,砷,石，申,,ok,2
4478,砟,石，乍,,ok,2
4479,砼,石，仝,,ok,2
4480,砥,石，氐,,ok,2
4481,砣,石，它,,ok,2
4482,剞,奇，刂,,ok,2
4483,砻,龙，石,,ok,2
4484,轼,车，式,,ok,2
4485,轾,车，至,,ok,2
4486,辂,车，各,,ok,2
4487,鸫,东，鸟,,ok,2
4488,趸,万，足,,ok,2
4489,龀,齿，七,,ok,2
4490,鸬,卢，鸟,,ok,2
4491,虔,虍，文,,ok,2
4492,逍,肖，辶,,ok,2
4493,眬,目，龙,,ok,2
4494,唛,口，麦,,ok,2
4495,晟,日，成,,ok,2
4496,眩,目，玄,,ok,2
4497,眙,目，台,,ok,2
4498,哧,口，赤,,ok,2
4499,哽,口，更,,ok,2
4500,唔,口，吾,,ok,2
4501,晁,日，兆,,ok,2
4502,晏,日，安,,ok,2
4503,鸮,号，鸟,,ok,2
4504,趵,⻊，勺,,ok,2
4505,趿,⻊，及,,ok,2
4506,畛,田，㐱,,ok,2
4507,蚨,虫，夫,,ok,2
4508,蚜,虫，牙,,ok,2
4509,蚍,虫，比,,ok,2
4510,蚋,虫，内,,ok,2
4511,蚬,虫，见,,ok,2
4512,蚝,虫，毛,,ok,2
4513,蚧,虫，介,,ok,2
4514,唢,口，小b，贝,,变,3
4515,圄,囗，吾,,ok,2
4516,唣,口，皂,,ok,2
4517,唏,口，希,,ok,2
4518,盎,央，皿,,ok,2
4519,唑,口，坐,,ok,2
4520,崂,山，劳,,ok,2
4521,崃,山，来,,ok,2
4522,罡,罒，正,,ok,2
4523,罟,罒，古,,ok,2
4524,峪,山，谷,,ok,2
4525,觊,岂，见,,ok,2
4526,赅,贝，亥,,ok,2
4527,钰,钅，玉,,ok,2
4528,钲,钅，正,,ok,2
4529,钴,钅，古,,ok,2
4530,钵,钅，本,,ok,2
4531,钹,钅，犮,,ok,2
4532,钺,钅，戉,,ok,2
4533,钽,钅，旦,,ok,2
4534,钼,钅，目,,ok,2
4535,钿,钅，田,,ok,2
4536,铀,钅，由,,ok,2
4537,铂,钅，白,,ok,2
4538,铄,钅，乐,,ok,2
4539,铆,钅，卯,,ok,2
4540,铈,钅，市,,ok,2
4541,铉,钅，玄,,ok,2
4542,铊,钅，它,,ok,2
4543,铋,钅，必,,ok,2
4544,铌,钅，尼,,ok,2
4545,铍,钅，皮,,ok,2
4546,䥽,钅，发,,ok,2
4547,铎（鐸）,钅，睪,,ok,2
4548,氩,气，亚,,ok,2
4549,氤,气，因,,ok,2
4550,氦,气，亥,,ok,2
4551,毪,毛，牟,,ok,2
4552,舐,舌，氏,,ok,2
4553,秣,禾，末,,ok,2
4554,秫,禾，术,,ok,2
4555,盉,禾，皿,,ok,2
4556,笄,⺮，开,,ok,2
4557,笕,⺮，见,,ok,2
4558,笊,⺮，爪,,ok,2
4559,笏,⺮，勿,,ok,2
4560,笆,⺮，巴,,ok,2
4561,俸,亻，奉,,ok,2
4562,倩,亻，青,,ok,2
4563,俵,亻，表,,ok,2
4564,偌,亻，若,,ok,2
4565,俳,亻，非,,ok,2
4566,俶,亻，叔,,ok,2
4567,倬,亻，卓,,ok,2
4568,倏,亻，丨，夂，犬,,ok,4
4569,恁,任，心,,ok,2
4570,倭,亻，委,,ok,2
4571,倪,亻，兒,,ok,2
4572,俾,亻，卑,,ok,2
4573,倜,亻，周,,ok,2
4574,隼,隹，十,,ok,2
4575,隽,隹，乃,,ok,2
4576,倌,亻，官,,ok,2
4577,倥,亻，空,,ok,2
4578,臬,自，木,,ok,2
4579,皋,白，大，十,,ok,3
4580,郫,卑，阝,,ok,2
4581,倨,亻，居,,ok,2
4582,衄,血，丑,,ok,2
4583,颀,斤，页,,ok,2
4584,徕,彳，来,,ok,2
4585,舫,舟，方,,ok,2
4586,釜,父，金,,ok,2
4587,奚,爫，幺，大,,ok,3
4588,衾,今，衣,,ok,2
4589,胯,月，夸,,ok,2
4590,胱,月，光,,ok,2
4591,胴,月，同,,ok,2
4592,胭,月，因,,ok,2
4593,脍,月，会,,ok,2
4594,胼,月，并,,ok,2
4595,朕,月，关,,ok,2
4596,脒,月，米,,ok,2
4597,胺,月，安,,ok,2
4598,鸱,氐，鸟,,ok,2
4599,玺,尔，玉,,ok,2
4600,鸲,句，鸟,,ok,2
4601,狷,犭，肙,,ok,2
4602,猁,犭，利,,ok,2
4603,狳,犭，余,,ok,2
4604,猃,犭，佥,,ok,2
4605,狺,犭，言,,ok,2
4606,逖,狄，辶,,ok,2
4607,桀,舛，木,,ok,2
4608,袅,鸟，衣,,ok,2
4609,饽,饣，孛,,ok,2
4610,凇,冫，松,,ok,2
4611,栾（欒）,䜌，木,,ok,2
4612,挛（攣）,䜌，手,,ok,2
4613,亳,高s，乇,,省,2
4614,疳,疒，甘,,ok,2
4615,疴,疒，可,,ok,2
4616,疸,疒，旦,,ok,2
4617,疽,疒，且,,ok,2
4618,痈,疒，用,,ok,2
4619,疱,疒，包,,ok,2
4620,痂,疒，加,,ok,2
4621,痉（痙）,疒，巠,,古,2
4622,衮,衣，公,,ok,2
4623,凋,冫，周,,ok,2
4624,颃,亢，页,,ok,2
4625,恣,次，心,,ok,2
4626,旆,㫃，巿,,ok,2
4627,旄,㫃，毛,,ok,2
4628,旃,㫃，丹,,ok,2
4629,阃,门，困,,ok,2
4630,阄,门，龟,,ok,2
4631,訚,门，言,,ok,2
4632,阆,门，良,,ok,2
4633,恙,⺷，心,,ok,2
4634,粑,米，巴,,ok,2
4635,朔,屰，月,,ok,2
4636,郸,单，阝,,ok,2
4637,烜,火，亘,,ok,2
4638,烨,火，华,,ok,2
4639,烩,火，会,,ok,2
4640,烊,火，羊,,ok,2
4641,剡,炎，刂,,ok,2
4642,郯,炎，阝,,ok,2
4643,烬,火，尽,,ok,2
4644,涑,氵，束,,ok,2
4645,浯,氵，吾,,ok,2
4646,涞,氵，来,,ok,2
4647,涟,氵，连,,ok,2
4648,娑,沙，女,,ok,2
4649,涅,氵，圼,,ok,2
4650,涠,氵，围,,ok,2
4651,浞,氵，足,,ok,2
4652,涓,氵，肙,,ok,2
4653,浥,氵，邑,,ok,2
4654,涔,氵，岑,,ok,2
4655,浜,氵，兵,,ok,2
4656,浠,氵，希,,ok,2
4657,浣,氵，完,,ok,2
4658,浚,氵，夋,,ok,2
4659,悚,忄，束,,ok,2
4660,悭,忄，坚,,ok,2
4661,悝,忄，里,,ok,2
4662,悒,忄，邑,,ok,2
4663,悌,忄，弟,,ok,2
4664,悛,忄，夋,,ok,2
4665,宸,宀，辰,,ok,2
4666,窈,穴，幼,,ok,2
4667,剜,宛，刂,,ok,2
4668,诹,讠，取,,ok,2
4669,冢,冖，豖,,ok,2
4670,诼,讠，豖,,ok,2
4671,袒,衤，旦,,ok,2
4672,袢,衤，半,,ok,2
4673,祯,礻，贞,,ok,2
4674,诿,讠，委,,ok,2
4675,谀,讠，臾,,ok,2
4676,谂,讠，念,,ok,2
4677,谄,讠，臽,,ok,2
4678,谇,讠，卒,,ok,2
4679,屐,尸，彳，支,,ok,3
4680,屙,尸，阿,,ok,2
4681,陬,阝，取,,ok,2
4682,勐,孟，力,,ok,2
4683,奘,爿，士，大,,ok,3
4684,牂,爿，羊,,ok,2
4685,蚩,蚩,,ok,1
4686,陲,阝，垂,,ok,2
4687,姬,女，𦣝b,,变,2
4688,娠,女，辰,,ok,2
4689,娌,女，里,,ok,2
4690,娉,女，甹,,ok,2
4691,娲,女，呙,,ok,2
4692,娩,女，免,,ok,2
4693,娴,女，闲,,ok,2
4694,娣,女，弟,,ok,2
4695,娓,女，尾,,ok,2
4696,婀,女，阿,,ok,2
4697,畚,厶，大，田,,ok,3
4698,逡,夋，辶,,ok,2
4699,绠,纟，更,,ok,2
4700,骊,马，丽,,ok,2
4701,绡,纟，肖,,ok,2
4702,骋,马，甹,,ok,2
4703,绥,纟，妥,,ok,2
4704,绦,纟，条,,ok,2
4705,绨,纟，弟,,ok,2
4706,骎,马，彐，冖，又,,ok,4
4707,邕,巛，邑,,ok,2
4708,鸶,丝，鸟,,ok,2
4709,彗,丰，丰，彐,,ok,3
4710,耜,耒，㠯,,ok,2
4711,焘,寿，灬,,ok,2
4712,舂,，臼,,ok,2
4713,琏,王，连,,ok,2
4714,琇,王，秀,,ok,2
4715,麸,麦，夫,,ok,2
4716,揶,扌，耶,,ok,2
4717,埴,土，直,,ok,2
4718,埯,土，奄,,ok,2
4719,捯,扌，到,,ok,2
4720,掳,扌，虏,,ok,2
4721,掴,扌，国,,ok,2
4722,埸,土，易,,ok,2
4723,埵,土，垂,,ok,2
4724,赧,赤，𠬝,,ok,2
4725,埤,土，卑,,ok,2
4726,捭,扌，卑,,ok,2
4727,逵,坴，辶,,ok,2
4728,埝,土，念,,ok,2
4729,堋,土，朋,,ok,2
4730,堍,土，兔,,ok,2
4731,掬,扌，匊,,ok,2
4732,鸷,执，鸟,,ok,2
4733,掖,扌，夜,,ok,2
4734,捽,扌，卒,,ok,2
4735,掊,扌，咅,,ok,2
4736,堉,土，育,,ok,2
4737,掸,扌，单,,ok,2
4738,捩,扌，戾,,ok,2
4739,掮,扌，肩,,ok,2
4740,悫,壳，心,,ok,2
4741,埭,土，隶,,ok,2
4742,埽,土，帚,,ok,2
4743,掇,扌，叕,,ok,2
4744,掼,扌，贯,,ok,2
4745,聃,耳，冉,,ok,2
4746,菁,艹，青,,ok,2
4747,萁,艹，其,,ok,2
4748,菘,艹，松,,ok,2
4749,堇,堇,,ok,1
4750,萘,艹，奈,,ok,2
4751,萋,艹，妻,,ok,2
4752,菽,艹，叔,,ok,2
4753,菖,艹，昌,,ok,2
4754,萜,艹，帖,,ok,2
4755,萸,艹，臾,,ok,2
4756,萑,艹，隹,,ok,2
4757,棻,芬，木,,ok,2
4758,菔,艹，服,,ok,2
4759,菟,艹，兔,,ok,2
4760,萏,艹，臽,,ok,2
4761,萃,艹，卒,,ok,2
4762,菏,艹，氵，可,,ok,3
4763,菹,艹，氵，且,,ok,3
4764,菪,艹，宕,,ok,2
4765,菅,艹，官,,ok,2
4766,菀,艹，宛,,ok,2
4767,萦（縈）,𤇾，糸,,古,2
4768,菰,艹，孤,,ok,2
4769,菡,艹，函,,ok,2
4770,梵,林，凡,,ok,2
4771,梿,木，连,,ok,2
4772,梏,木，告,,ok,2
4773,觋,巫，见,,ok,2
4774,桴,木，孚,,ok,2
4775,桷,木，角,,ok,2
4776,梓,木，辛,,ok,2
4777,棁,木，兑,,ok,2
4778,桫,木，沙,,ok,2
4779,棂,木，灵,,ok,2
4780,啬,啬,,ok,1
4781,郾,匽，阝,,ok,2
4782,匮,匚，贵,,ok,2
4783,敕,束，攵,,ok,2
4784,豉,豆，支,,ok,2
4785,鄄,垔，阝,,ok,2
4786,酞,酉，太,,ok,2
4787,酚,酉，分,,ok,2
4788,戛,戛,,ok,1
4789,硎,石，刑,,ok,2
4790,硭,石，芒,,ok,2
4791,硒,石，西,,ok,2
4792,硖,石，夹,,ok,2
4793,硗,石，尧,,ok,2
4794,硐,石，同,,ok,2
4795,硇,石，囟,,ok,2
4796,硌,石，各,,ok,2
4797,鸸,而，鸟,,ok,2
4798,瓠,夸，瓜,,ok,2
4799,匏,夸，包,,ok,2
4800,厩,厂，既,,ok,2
4801,龚,龙，共,,ok,2
4802,殒,歹，员,,ok,2
4803,殓,歹，佥,,ok,2
4804,殍,歹，孚,,ok,2
4805,赉,来，贝,,ok,2
4806,雩,雨，亏,,ok,2
4807,辄,车，耳，乚,,ok,3
4808,堑,斩，土,,ok,2
4809,眭,目，圭,,ok,2
4810,眦,目，此,,ok,2
4811,啧,口，责,,ok,2
4812,晡,日，甫,,ok,2
4813,晤,日，吾,,ok,2
4814,眺,目，兆,,ok,2
4815,眵,目，多,,ok,2
4816,眸,目，牟,,ok,2
4817,圊,囗，青,,ok,2
4818,喏,口，若,,ok,2
4819,喵,口，苗,,ok,2
4820,啉,口，林,,ok,2
4821,勖,冒，力,,ok,2
4822,晞,日，希,,ok,2
4823,唵,口，奄,,ok,2
4824,晗,日，含,,ok,2
4825,冕,⺜，免,,ok,2
4826,啭,口，转,,ok,2
4827,畦,田，圭,,ok,2
4828,趺,⻊，夫,,ok,2
4829,啮,口，齿,,ok,2
4830,跄,⻊，仓,,ok,2
4831,蚶,虫，甘,,ok,2
4832,蛄,虫，古,,ok,2
4833,蛎,虫，厉,,ok,2
4834,蛆,虫，且,,ok,2
4835,蚰,虫，由,,ok,2
4836,蛊,虫，皿,,ok,2
4837,圉,囗，幸,,ok,2
4838,蚱,虫，乍,,ok,2
4839,蛉,虫，令,,ok,2
4840,蛏,虫，圣,,ok,2
4841,蚴,虫，幼,,ok,2
4842,啁,口，周,,ok,2
4843,啕,口，匋,,ok,2
4844,唿,口，忽,,ok,2
4845,啐,口，卒,,ok,2
4846,唼,口，妾,,ok,2
4847,唷,口，育,,ok,2
4848,啖,口，炎,,ok,2
4849,啵,口，波,,ok,2
4850,啶,口，定,,ok,2
4851,啷,口，郎,,ok,2
4852,唳,口，戾,,ok,2
4853,唰,口，刷,,ok,2
4854,啜,口，叕,,ok,2
4855,帻,巾，责,,ok,2
4856,崚,山，夌,,ok,2
4857,崦,山，奄,,ok,2
4858,帼,巾，国,,ok,2
4859,崮,山，固,,ok,2
4860,崤,山，肴,,ok,2
4861,崆,山，空,,ok,2
4862,赇,贝，求,,ok,2
4863,赈,贝，辰,,ok,2
4864,赊,贝，佘,,ok,2
4865,铑,钅，老,,ok,2
4866,铒,钅，耳,,ok,2
4867,铗,钅，夹,,ok,2
4868,铙,钅，尧,,ok,2
4869,铟,钅，因,,ok,2
4870,铠,钅，岂,,ok,2
4871,铡,钅，则,,ok,2
4872,铢,钅，朱,,ok,2
4873,铣,钅，先,,ok,2
4874,铤,钅，廷,,ok,2
4875,铧,钅，华,,ok,2
4876,铨,钅，全,,ok,2
4877,铩,钅，杀,,ok,2
4878,铪,钅，合,,ok,2
4879,铫,钅，兆,,ok,2
4880,铬,钅，各,,ok,2
4881,铮,钅，争,,ok,2
4882,铯,钅，色,,ok,2
4883,铰,钅，交,,ok,2
4884,铱,钅，衣,,ok,2
4885,铳,钅，充,,ok,2
4886,铵,钅，安,,ok,2
4887,铷,钅，如,,ok,2
4888,氪,气，克,,ok,2
4889,牾,牜，吾,,ok,2
4890,鸹,舌，鸟,,ok,2
4891,秾,禾，农,,ok,2
4892,逶,委，辶,,ok,2
4893,笺,⺮，戋,,ok,2
4894,筇,⺮，邛,,ok,2
4895,笸,⺮，叵,,ok,2
4896,笪,⺮，旦,,ok,2
4897,笮,⺮，乍,,ok,2
4898,笠,⺮，立,,ok,2
4899,笥,⺮，司,,ok,2
4900,笤,⺮，召,,ok,2
4901,笳,⺮，加,,ok,2
4902,笾,⺮，边,,ok,2
4903,笞,⺮，台,,ok,2
4904,偾,亻，贲,,ok,2
4905,偃,亻，匽,,ok,2
4906,偕,亻，皆,,ok,2
4907,偈,亻，曷,,ok,2
4908,傀,亻，鬼,,ok,2
4909,偬,亻，怱,,ok,2
4910,偻,亻，娄,,ok,2
4911,皑,白，岂,,ok,2
4912,皎,白，交,,ok,2
4913,鸻,行，鸟,,ok,2
4914,徜,彳，尚,,ok,2
4915,舸,舟，可,,ok,2
4916,舻,舟，卢,,ok,2
4917,舴,舟，乍,,ok,2
4918,舷,舟，玄,,ok,2
4919,龛,合，龙,,ok,2
4920,翎,令，羽,,ok,2
4921,脬,月，孚,,ok,2
4922,脘,月，完,,ok,2
4923,脲,月，尿,,ok,2
4924,匐,勹，畐,,ok,2
4925,猗,犭，奇,,ok,2
4926,猡,犭，罗,,ok,2
4927,猞,犭，舍,,ok,2
4928,猝,犭，卒,,ok,2
4929,斛,角，斗,,ok,2
4930,猕,犭，弥,,ok,2
4931,馗,九，首,,ok,2
4932,馃,饣，果,,ok,2
4933,馄,饣，昆,,ok,2
4934,鸾（鸞）,䜌，鸟,,ok,2
4935,孰,享，丸,,ok,2
4936,庹,庶s，尺,,省,2
4937,庾,广，臾,,ok,2
4938,痔,疒，寺,,ok,2
4939,痍,疒，夷,,ok,2
4940,疵,疒，此,,ok,2
4941,翊,立，羽,,ok,2
4942,旌,㫃，生,,ok,2
4943,旎,㫃，尼,,ok,2
4944,袤,衣，矛,,ok,2
4945,阇,门，者,,ok,2
4946,阈,门，或,,ok,2
4947,阉,门，奄,,ok,2
4948,阊,门，昌,,ok,2
4949,阋,门，兒,,ok,2
4950,阍,门，昏,,ok,2
4951,阏,门，於,,ok,2
4952,羟（羥）,羊，巠,,古,2
4953,粝,米，厉,,ok,2
4954,粕,米，白,,ok,2
4955,敝,㡀，攵,,ok,2
4956,焐,火，吾,,ok,2
4957,烯,火，希,,ok,2
4958,焓,火，含,,ok,2
4959,烽,火，夆,,ok,2
4960,焖,火，闷,,ok,2
4961,烷,火，完,,ok,2
4962,焗,火，局,,ok,2
4963,渍,氵，责,,ok,2
4964,渚,氵，者,,ok,2
4965,淇,氵，其,,ok,2
4966,淅,氵，析,,ok,2
4967,淞,氵，松,,ok,2
4968,渎,氵，卖,,ok,2
4969,涿,氵，豖,,ok,2
4970,淖,氵，卓,,ok,2
4971,挲,沙，手,,ok,2
4972,淠,氵，畀,,ok,2
4973,涸,氵，固,,ok,2
4974,渑,氵，黾,,ok,2
4975,淦,氵，金,,ok,2
4976,淝,氵，肥,,ok,2
4977,淬,氵，卒,,ok,2
4978,涪,氵，咅,,ok,2
4979,淙,氵，宗,,ok,2
4980,涫,氵，官,,ok,2
4981,渌,氵，录,,ok,2
4982,淄,氵，甾,,ok,2
4983,惬（愜）,忄，匧,,古,2
4984,悻,忄，幸,,ok,2
4985,悱,忄，非,,ok,2
4986,惝,忄，尚,,ok,2
4987,惘,忄，罔,,ok,2
4988,悸,忄，季,,ok,2
4989,惆,忄，周,,ok,2
4990,惚,忄，忽,,ok,2
4991,惇,忄，享,,ok,2
4992,惮,忄，单,,ok,2
4993,窕,穴，兆,,ok,2
4994,谌,讠，甚,,ok,2
4995,谏,讠，柬,,ok,2
4996,扈,户，邑,,ok,2
4997,皲,军，皮,,ok,2
4998,谑,讠，虐,,ok,2
4999,裆,衤，当,,ok,2
5000,袷,衤，合,,ok,2
5001,裉,衤，艮,,ok,2
5002,谒,讠，曷,,ok,2
5003,谔,讠，咢,,ok,2
5004,谕,讠，俞,,ok,2
5005,谖,讠，爰,,ok,2
5006,谗（讒）,讠，毚,,古,2
5007,谙,讠，音,,ok,2
5008,谛,讠，帝,,ok,2
5009,谝,讠，扁,,ok,2
5010,逯,录，辶,,ok,2
5011,郿,眉，阝,,ok,2
5012,隈,阝，畏,,ok,2
5013,粜,出，米,,ok,2
5014,隍,阝，皇,,ok,2
5015,隗,阝，鬼,,ok,2
5016,婧,女，青,,ok,2
5017,婊,女，表,,ok,2
5018,婕,女，疌,,ok,2
5019,娼,女，昌,,ok,2
5020,婢,女，卑,,ok,2
5021,婵,女，单,,ok,2
5022,胬,奴，肉,,ok,2
5023,袈,加，衣,,ok,2
5024,翌,羽，立,,ok,2
5025,恿,甬，心,,ok,2
5026,欸,矣，欠,,ok,2
5027,绫,纟，夌,,ok,2
5028,骐,马，其,,ok,2
5029,绮,纟，奇,,ok,2
5030,绯,纟，非,,ok,2
5031,绱,纟，尚,,ok,2
5032,骒,马，果,,ok,2
5033,绲,纟，昆,,ok,2
5034,骓,马，隹,,ok,2
5035,绶,纟，受,,ok,2
5036,绺,纟，咎,,ok,2
5037,绻,纟，卷,,ok,2
5038,绾,纟，官,,ok,2
5039,骖,马，参,,ok,2
5040,缁,纟，甾,,ok,2
5041,耠,耒，合,,ok,2
5042,琫,王，奉,,ok,2
5043,琵,王，王，比,,ok,3
5044,琶,王，王，巴,,ok,3
5045,琪,王，其,,ok,2
5046,瑛,王，英,,ok,2
5047,琦,王，奇,,ok,2
5048,琥,王，虎,,ok,2
5049,琨,王，昆,,ok,2
5050,靓,青，见,,ok,2
5051,琰,王，炎,,ok,2
5052,琮,王，宗,,ok,2
5053,琯,王，官,,ok,2
5054,琬,王，宛,,ok,2
5055,琛,王，罙,,ok,2
5056,琚,王，居,,ok,2
5057,辇,夫，夫，车,,ok,3
5058,鼋,元，黾,,ok,2
5059,揳,扌，契,,ok,2
5060,堞,土，枼,,ok,2
5061,搽,扌，茶,,ok,2
5062,揸,扌，查,,ok,2
5063,揠,扌，匽,,ok,2
5064,堙,土，垔,,ok,2
5065,趄,走，且,,ok,2
5066,揖,扌，咠,,ok,2
5067,颉,吉，页,,ok,2
5068,塄,土，罒，方,,ok,3
5069,揿,扌，钦,,ok,2
5070,耋,老，至,,ok,2
5071,揄,扌，俞,,ok,2
5072,蛩,巩，虫,,ok,2
5073,蛰,执，虫,,ok,2
5074,塆,土，弯,,ok,2
5075,摒,扌，屏,,ok,2
5076,揆,扌，癸,,ok,2
5077,掾,扌，彖,,ok,2
5078,聒,耳，舌,,ok,2
5079,葑,艹，封,,ok,2
5080,葚,艹，甚,,ok,2
5081,靰,革，兀,,ok,2
5082,靸,革，及,,ok,2
5083,葳,艹，威,,ok,2
5084,葺,艹，咠,,ok,2
5085,葸,艹，思,,ok,2
5086,萼,艹，咢,,ok,2
5087,葆,艹，保,,ok,2
5088,葩,艹，白，巴,,ok,3
5089,葶,艹，亭,,ok,2
5090,蒌,艹，娄,,ok,2
5091,萱,艹，宣,,ok,2
5092,戟,𠦝，戈,,ok,2
5093,葭,艹，叚,,ok,2
5094,楮,木，者,,ok,2
5095,棼,林，分,,ok,2
5096,椟,木，卖,,ok,2
5097,棹,木，卓,,ok,2
5098,椤,木，罗,,ok,2
5099,棰,木，垂,,ok,2
5100,赍（齎）,齊，贝,,古,2
5101,椋,木，京,,ok,2
5102,椁,木，享,,ok,2
5103,椪,木，並,,ok,2
5104,棣,木，隶,,ok,2
5105,椐,木，居,,ok,2
5106,鹁,孛，鸟,,ok,2
5107,覃,覀，早,,ok,2
5108,酤,酉，古,,ok,2
5109,酢,酉，乍,,ok,2
5110,酡,酉，它,,ok,2
5111,鹂,丽，鸟,,ok,2
5112,厥,厂，屰，欠,,ok,3
5113,殚,歹，单,,ok,2
5114,殛,歹，亟,,ok,2
5115,雯,雨，文,,ok,2
5116,雱,雨，方,,ok,2
5117,辊,车，昆,,ok,2
5118,辋,车，罔,,ok,2
5119,椠,斩，木,,ok,2
5120,辍,车，叕,,ok,2
5121,辎,车，甾,,ok,2
5122,斐,非，文,,ok,2
5123,睄,目，肖,,ok,2
5124,睑,目，佥,,ok,2
5125,睇,目，弟,,ok,2
5126,睃,目，夋,,ok,2
5127,戢,咠，戈,,ok,2
5128,喋,口，枼,,ok,2
5129,嗒,口，荅,,ok,2
5130,喃,口，南,,ok,2
5131,喱,口，厘,,ok,2
5132,喹,口，奎,,ok,2
5133,晷,日，咎,,ok,2
5134,喈,口，皆,,ok,2
5135,跖,⻊，石,,ok,2
5136,跗,⻊，付,,ok,2
5137,跞,⻊，乐,,ok,2
5138,跚,⻊，册,,ok,2
5139,跎,⻊，它,,ok,2
5140,跏,⻊，加,,ok,2
5141,跆,⻊，台,,ok,2
5142,蛱,虫，夹,,ok,2
5143,蛲,虫，尧,,ok,2
5144,蛭,虫，至,,ok,2
5145,蛳,虫，师,,ok,2
5146,蛐,虫，曲,,ok,2
5147,蛔,虫，回,,ok,2
5148,蛞,虫，舌,,ok,2
5149,蛴,虫，齐,,ok,2
5150,蛟,虫，交,,ok,2
5151,蛘,虫，羊,,ok,2
5152,喁,口，禺,,ok,2
5153,喟,口，胃,,ok,2
5154,啾,口，秋,,ok,2
5155,嗖,口，叟,,ok,2
5156,喑,口，音,,ok,2
5157,嗟,口，差,,ok,2
5158,喽,口，娄,,ok,2
5159,嗞,口，兹,,ok,2
5160,喀,口，客,,ok,2
5161,喔,口，屋,,ok,2
5162,喙,口，彖,,ok,2
5163,嵘,山，荣,,ok,2
5164,嵖,山，查,,ok,2
5165,崴,山，威,,ok,2
5166,遄,耑，辶,,ok,2
5167,詈,罒，言,,ok,2
5168,嵎,山，禺,,ok,2
5169,崽,山，思,,ok,2
5170,嵬,山，鬼,,ok,2
5171,嵛,山，俞,,ok,2
5172,嵯,山，差,,ok,2
5173,嵝,山，娄,,ok,2
5174,嵫,山，兹,,ok,2
5175,幄,巾，屋,,ok,2
5176,嵋,山，眉,,ok,2
5177,赕,贝，炎,,ok,2
5178,铻,钅，吾,,ok,2
5179,铼,钅，来,,ok,2
5180,铿,钅，坚,,ok,2
5181,锃,钅，呈,,ok,2
5182,锂,钅，里,,ok,2
5183,锆,钅，告,,ok,2
5184,锇,钅，我,,ok,2
5185,锉,钅，坐,,ok,2
5186,锏,钅，间,,ok,2
5187,锑,钅，弟,,ok,2
5188,锒,钅，良,,ok,2
5189,锔,钅，局,,ok,2
5190,锕,钅，阿,,ok,2
5191,掣,制，手,,ok,2
5192,矬,矢，坐,,ok,2
5193,氰,气，青,,ok,2
5194,毳,毛，毛，毛,,ok,3
5195,毽,毛，建,,ok,2
5196,犊,牜，卖,,ok,2
5197,犄,牜，奇,,ok,2
5198,犋,牜，具,,ok,2
5199,鹄,告，鸟,,ok,2
5200,犍,牜，建,,ok,2
5201,嵇,禾，尤，山,,ok,3
5202,黍,禾，人，氺,,ok,3
5203,稃,禾，孚,,ok,2
5204,稂,禾，良,,ok,2
5205,筚,⺮，毕,,ok,2
5206,筵,⺮，延,,ok,2
5207,筌,⺮，全,,ok,2
5208,傣,亻，泰,,ok,2
5209,傈,亻，栗,,ok,2
5210,舄,臼，勹，灬,,ok,3
5211,牍,片，卖,,ok,2
5212,傥,亻，党,,ok,2
5213,傧,亻，宾,,ok,2
5214,遑,皇，辶,,ok,2
5215,傩,亻，难,,ok,2
5216,遁,盾，辶,,ok,2
5217,徨,彳，皇,,ok,2
5218,媭,须，女,,ok,2
5219,畲,佘，田,,ok,2
5220,弑,杀，式,,ok,2
5221,颌,合，页,,ok,2
5222,翕,合，羽,,ok,2
5223,釉,釆，由,,ok,2
5224,鹆,谷，鸟,,ok,2
5225,舜,爫，冖，舛,,ok,3
5226,貂,豸，召,,ok,2
5227,腈,月，青,,ok,2
5228,腌,月，奄,,ok,2
5229,腓,月，非,,ok,2
5230,腆,月，典,,ok,2
5231,腴,月，臾,,ok,2
5232,腑,月，府,,ok,2
5233,腚,月，定,,ok,2
5234,腱,月，建,,ok,2
5235,鱿,鱼，尤,,ok,2
5236,鲀,鱼，屯,,ok,2
5237,鲂,鱼，方,,ok,2
5238,颍,匕，水，页,,ok,3
5239,猢,犭，胡,,ok,2
5240,猹,犭，查,,ok,2
5241,猥,犭，畏,,ok,2
5242,飓,风，具,,ok,2
5243,觞（觴）,角，𠂉，昜,,ok,3
5244,觚,角，瓜,,ok,2
5245,猱,犭，柔,,ok,2
5246,颎,匕，火，页,,ok,3
5247,飧,夕，食,,ok,2
5248,馇,饣，查,,ok,2
5249,馊,饣，叟,,ok,2
5250,亵,衣，执,,ok,2
5251,脔（臠）,䜌，肉,,ok,2
5252,裒,衣，臼,,ok,2
5253,痣,疒，志,,ok,2
5254,痨,疒，劳,,ok,2
5255,痦,疒，吾,,ok,2
5256,痞,疒，否,,ok,2
5257,痤,疒，坐,,ok,2
5258,痫,疒，闲,,ok,2
5259,痧,疒，沙,,ok,2
5260,赓,庚，贝,,ok,2
5261,竦,立，束,,ok,2
5262,瓿,咅，瓦,,ok,2
5263,啻,帝，口,,ok,2
5264,颏,亥，页,,ok,2
5265,鹇,闲，鸟,,ok,2
5266,阑,门，柬,,ok,2
5267,阒,门，目，犬,,ok,3
5268,阕,门，癸,,ok,2
5269,粞,米，西,,ok,2
5270,遒,酋，辶,,ok,2
5271,孳,兹，子,,ok,2
5272,焯,火，卓,,ok,2
5273,焜,火，昆,,ok,2
5274,焙,火，咅,,ok,2
5275,焱,火，火，火,,ok,3
5276,鹈,弟，鸟,,ok,2
5277,湛,氵，甚,,ok,2
5278,渫,氵，枼,,ok,2
5279,湮,氵，垔,,ok,2
5280,湎,氵，面,,ok,2
5281,湜,氵，是,,ok,2
5282,渭,氵，胃,,ok,2
5283,湍,氵，耑,,ok,2
5284,湫,氵，秋,,ok,2
5285,溲,氵，叟,,ok,2
5286,湟,氵，皇,,ok,2
5287,溆,氵，叙,,ok,2
5288,湲,氵，爰,,ok,2
5289,湔,氵，前,,ok,2
5290,湉,氵，恬,,ok,2
5291,渥,氵，屋,,ok,2
5292,湄,氵，眉,,ok,2
5293,滁,氵，除,,ok,2
5294,愠,忄，昷,,ok,2
5295,惺,忄，星,,ok,2
5296,愦,忄，贵,,ok,2
5297,惴,忄，耑,,ok,2
5298,愀,忄，秋,,ok,2
5299,愎,忄，复,,ok,2
5300,愔,忄，音,,ok,2
5301,喾,⺍，冖，告,,ok,3
5302,寐,宀，爿，未,,ok,3
5303,谟,讠，莫,,ok,2
5304,扉,户，非,,ok,2
5305,裢,衤，连,,ok,2
5306,裎,衤，呈,,ok,2
5307,裥,衤，间,,ok,2
5308,祾,礻，夌,,ok,2
5309,祺,礻，其,,ok,2
5310,谠,讠，党,,ok,2
5311,幂,冖，日，大，巾,,ok,4
5312,谡,讠，畟,,ok,2
5313,谥,讠，益,,ok,2
5314,谧,讠，必，皿,,ok,3
5315,遐,叚，辶,,ok,2
5316,孱,尸，子，子，子,,ok,4
5317,弼,弜，百,,ok,2
5318,巽,巳，巳，共,,ok,3
5319,骘,陟，马,,ok,2
5320,媪,女，昷,,ok,2
5321,媛,女，爰,,ok,2
5322,婷,女，亭,,ok,2
5323,巯（巰）,巠，㐬,,ok,2
5324,翚,羽，冖，车,,ok,3
5325,皴,夋，皮,,ok,2
5326,婺,敄，女,,ok,2
5327,骛,敄，马,,ok,2
5328,缂,纟，革,,ok,2
5329,缃,纟，相,,ok,2
5330,缄,纟，咸,,ok,2
5331,彘,彑，匕，矢，匕,,ok,4
5332,缇,纟，是,,ok,2
5333,缈,纟，眇,,ok,2
5334,缌,纟，思,,ok,2
5335,缑,纟，侯,,ok,2
5336,缒,纟，追,,ok,2
5337,缗,纟，民，日,,ok,3
5338,飨,乡，食,,ok,2
5339,耢,耒，劳,,ok,2
5340,瑚,王，胡,,ok,2
5341,瑁,王，冒,,ok,2
5342,瑜,王，俞,,ok,2
5343,瑗,王，爰,,ok,2
5344,瑄,王，宣,,ok,2
5345,瑕,王，叚,,ok,2
5346,遨,敖，辶,,ok,2
5347,骜,敖，马,,ok,2
5348,韫,韦，昷,,ok,2
5349,髡,髟，兀,,ok,2
5350,塬,土，原,,ok,2
5351,鄢,焉，阝,,ok,2
5352,趔,走，列,,ok,2
5353,趑,走，次,,ok,2
5354,摅,扌，虑,,ok,2
5355,摁,扌，虑,,ok,2
5356,蜇,折，虫,,ok,2
5357,搋,扌，虒,,ok,2
5358,搪,扌，唐,,ok,2
5359,搐,扌，畜,,ok,2
5360,搛,扌，兼,,ok,2
5361,搠,扌，朔,,ok,2
5362,摈,扌，宾,,ok,2
5363,彀,士，冖，一，弓，殳,,ok,5
5364,毂,士，冖，车，殳,,ok,4
5365,搦,扌，弱,,ok,2
5366,搡,扌，桑,,ok,2
5367,蓁,艹，秦,,ok,2
5368,戡,甚，戈,,ok,2
5369,蓍,艹，耆,,ok,2
5370,鄞,堇，阝,,ok,2
5371,靳,革，斤,,ok,2
5372,蓐,艹，辱,,ok,2
5373,蓦,莫，马,,ok,2
5374,鹋,苗，鸟,,ok,2
5375,蒽,艹，恩,,ok,2
5376,蓓,艹，倍,,ok,2
5377,蓖,艹，囟，比,,ok,2
5378,蓊,艹，翁,,ok,2
5379,蒯,艹，朋，刂,,ok,3
5380,蓟,艹，鱼，刂,,ok,3
5381,蓑,艹，衰,,ok,2
5382,蒿,艹，高,,ok,2
5383,蒺,艹，疾,,ok,2
5384,蓠,艹，离,,ok,2
5385,蒟,艹，立，句,,ok,3
5386,蒡,艹，旁,,ok,2
5387,蒹,艹，兼,,ok,2
5388,蒴,艹，朔,,ok,2
5389,蒗,艹，浪,,ok,2
5390,蓥（鎣）,𤇾，金,,古,2
5391,颐,𦣝b，页,,变,2
5392,楔,木，契,,ok,2
5393,楠,木，南,,ok,2
5394,楂,木，查,,ok,2
5395,楝,木，柬,,ok,2
5396,楫,木，咠,,ok,2
5397,楸,木，秋,,ok,2
5398,椴,木，段,,ok,2
5399,槌,木，追,,ok,2
5400,楯,木，盾,,ok,2
5401,皙,析，日,,ok,2
5402,榈,木，闾,,ok,2
5403,槎,木，差,,ok,2
5404,榉,木，举,,ok,2
5405,楦,木，宣,,ok,2
5406,楣,木，眉,,ok,2
5407,楹,木，盈,,ok,2
5408,椽,木，彖,,ok,2
5409,裘,求，衣,,ok,2
5410,剽,票，刂,,ok,2
5411,甄,垔，瓦,,ok,2
5412,酮,酉，同,,ok,2
5413,酰,酉，先,,ok,2
5414,酯,酉，旨,,ok,2
5415,酩,酉，名,,ok,2
5416,蜃,辰，虫,,ok,2
5417,碛,石，责,,ok,2
5418,碓,石，隹,,ok,2
5419,硼,石，朋,,ok,2
5420,碉,石，周,,ok,2
5421,碚,石，咅,,ok,2
5422,碇,石，定,,ok,2
5423,碜,石，参,,ok,2
5424,鹌,奄，鸟,,ok,2
5425,辏,车，奏,,ok,2
5426,龃,齿，且,,ok,2
5427,龅,齿，包,,ok,2
5428,訾,此，言,,ok,2
5429,粲,歺，又，米,,ok,3
5430,虞,虍，吴,,ok,2
5431,睚,目，厓,,ok,2
5432,嗪,口，秦,,ok,2
5433,韪,是，韦,,ok,2
5434,嗷,口，敖,,ok,2
5435,嗉,口，素,,ok,2
5436,睨,目，兒,,ok,2
5437,睢,目，隹,,ok,2
5438,雎,且，隹,,ok,2
5439,睥,目，卑,,ok,2
5440,嘟,口，都,,ok,2
5441,嗑,口，盍,,ok,2
5442,嗫,口，聂,,ok,2
5443,嗬,口，荷,,ok,2
5444,嗔,口，真,,ok,2
5445,嗝,口，鬲,,ok,2
5446,戥,星，戈,,ok,2
5447,嗄,口，夏,,ok,2
5448,煦,昫，灬,,ok,2
5449,暄,日，宣,,ok,2
5450,遢,曰，羽，辶,,ok,3
5451,暌,日，癸,,ok,2
5452,跬,⻊，圭,,ok,2
5453,跶,⻊，达,,ok,2
5454,跸,⻊，毕,,ok,2
5455,跐,⻊，此,,ok,2
5456,跣,⻊，先,,ok,2
5457,跹,⻊，迁,,ok,2
5458,跻,⻊，齐,,ok,2
5459,蛸,虫，肖,,ok,2
5460,蜊,虫，利,,ok,2
5461,蜍,虫，余,,ok,2
5462,蜉,虫，孚,,ok,2
5463,蜣,虫，羌,,ok,2
5464,畹,田，宛,,ok,2
5465,蛹,虫，甬,,ok,2
5466,嗣,口，冊b，司,,变,3
5467,嗯,口，恩,,ok,2
5468,嗥,口，皋,,ok,2
5469,嗲,口，爹,,ok,2
5470,嗳,口，爱,,ok,2
5471,嗌,口，益,,ok,2
5472,嗍,口，朔,,ok,2
5473,嗨,口，海,,ok,2
5474,嗐,口，害,,ok,2
5475,嗤,口，蚩,,ok,2
5476,嗵,口，通,,ok,2
5477,罨,罒，奄,,ok,2
5478,嵊,山，乘,,ok,2
5479,嵩,山，高,,ok,2
5480,嵴,山，脊,,ok,2
5481,骰,骨，殳,,ok,2
5482,锗,钅，者,,ok,2
5483,锛,钅，奔,,ok,2
5484,锜,钅，奇,,ok,2
5485,锝,钅，㝵,,ok,2
5486,锞,钅，果,,ok,2
5487,锟,钅，昆,,ok,2
5488,锢,钅，固,,ok,2
5489,锨,钅，欣,,ok,2
5490,锩,钅，卷,,ok,2
5491,锭,钅，定,,ok,2
5492,锱,钅，甾,,ok,2
5493,雉,矢，隹,,ok,2
5494,氲,气，昷,,ok,2
5495,犏,牜，扁,,ok,2
5496,歃,臿，欠,,ok,2
5497,稞,禾，果,,ok,2
5498,稗,禾，卑,,ok,2
5499,稔,禾，念,,ok,2
5500,筠,⺮，均,,ok,2
5501,筢,⺮，把,,ok,2
5502,筮,⺮，巫,,ok,2
5503,筲,⺮，肖,,ok,2
5504,筱,⺮，攸,,ok,2
5505,牒,片，枼,,ok,2
5506,煲,保，火,,ok,2
5507,敫,白，方，攵,,ok,3
5508,徭,彳，䍃,,ok,2
5509,愆,衍，心,,ok,2
5510,艄,舟，肖,,ok,2
5511,觎,俞，见,,ok,2
5512,毹,俞，毛,,ok,2
5513,貊,豸，百,,ok,2
5514,貅,豸，休,,ok,2
5515,貉,豸，各,,ok,2
5516,颔,含，页,,ok,2
5517,腠,月，奏,,ok,2
5518,腩,月，南,,ok,2
5519,腼,月，面,,ok,2
5520,腭,月，咢,,ok,2
5521,腧,月，俞,,ok,2
5522,塍,月，龹，土,,ok,3
5523,媵,月，龹，女,,ok,3
5524,詹,厃，八，言,,ok,3
5525,鲅,鱼，犮,,ok,2
5526,鲆,鱼，平,,ok,2
5527,鲇,鱼，占,,ok,2
5528,鲈,鱼，卢,,ok,2
5529,稣,鱼，禾,,ok,2
5530,鲋,鱼，付,,ok,2
5531,鲐,鱼，台,,ok,2
5532,肄,匕，矢，聿,,ok,3
5533,鹐,臽，鸟,,ok,2
5534,飕,风，叟,,ok,2
5535,觥,角，光,,ok,2
5536,遛,留，辶,,ok,2
5537,馐,饣，羞,,ok,2
5538,鹑,享，鸟,,ok,2
5539,亶,亠，回，旦,,ok,3
5540,瘃,疒，豕,,ok,2
5541,痱,疒，非,,ok,2
5542,痼,疒，固,,ok,2
5543,痿,疒，委,,ok,2
5544,瘐,疒，臾,,ok,2
5545,瘁,疒，卒,,ok,2
5546,瘆,疒，参,,ok,2
5547,麂,鹿，几,,ok,2
5548,裔,衣，冏,,ok,2
5549,歆,音，欠,,ok,2
5550,旒,㫃，㐬,,ok,2
5551,雍,亠，乡，隹,,ok,2
5552,阖,门，盍,,ok,2
5553,阗,门，真,,ok,2
5554,阙,门，屰，欠,,ok,3
5555,羧,羊，夋,,ok,2
5556,豢,龹，豕,,ok,2
5557,粳,米，更,,ok,2
5558,猷,酋，犬,,ok,2
5559,煳,火，胡,,ok,2
5560,煜,火，昱,,ok,2
5561,煨,火，畏,,ok,2
5562,煅,火，段,,ok,2
5563,煊,火，宣,,ok,2
5564,煸,火，扁,,ok,2
5565,煺,火，退,,ok,2
5566,滟,氵，艳,,ok,2
5567,溱,氵，秦,,ok,2
5568,溘,氵，盍,,ok,2
5569,漭,氵，莽,,ok,2
5570,滢,氵，莹,,ok,2
5571,溥,氵，尃,,ok,2
5572,溧,氵，栗,,ok,2
5573,溽,氵，辱,,ok,2
5574,裟,沙，衣,,ok,2
5575,溻,氵，日，羽,,ok,3
5576,溷,氵，圂,,ok,2
5577,滗,氵，笔,,ok,2
5578,滫,氵，脩,,ok,2
5579,溴,氵，臭,,ok,2
5580,滏,氵，釜,,ok,2
5581,滃,氵，翁,,ok,2
5582,滦,氵，栾,,ok,2
5583,溏,氵，唐,,ok,2
5584,滂,氵，旁,,ok,2
5585,滓,氵，宰,,ok,2
5586,溟,氵，冥,,ok,2
5587,滪,氵，预,,ok,2
5588,愫,忄，素,,ok,2
5589,慑,忄，聂,,ok,2
5590,慊,忄，兼,,ok,2
5591,鲎,⺍，冖，鱼,,ok,3
5592,骞,寒s，马,,省,2
5593,窦,穴，卖,,ok,2
5594,窠,穴，果,,ok,2
5595,窣,穴，卒,,ok,2
5596,裱,衤，表,,ok,2
5597,褚,衤，者,,ok,2
5598,裨,衤，卑,,ok,2
5599,裾,衤，居,,ok,2
5600,裰,衤，叕,,ok,2
5601,禊,衤，契,,ok,2
5602,谩,讠，曼,,ok,2
5603,谪,讠，啇,,ok,2
5604,媾,女，冓,,ok,2
5605,嫫,女，莫,,ok,2
5606,媲,女，囟，比,,ok,3
5607,嫒,女，爱,,ok,2
5608,嫔,女，宾,,ok,2
5609,媸,女，蚩,,ok,2
5610,缙,纟，晋,,ok,2
5611,缜,纟，真,,ok,2
5612,缛,纟，辱,,ok,2
5613,辔,纟，车，纟，口,,ok,4
5614,骝,马，留,,ok,2
5615,缟,纟，高,,ok,2
5616,缡,纟，离,,ok,2
5617,缢,纟，益,,ok,2
5618,缣,纟，兼,,ok,2
5619,骟,马，扇,,ok,2
5620,耥,耒，尚,,ok,2
5621,璈,王，敖,,ok,2
5622,瑶,王，䍃,,ok,2
5623,瑭,王，唐,,ok,2
5624,獒,敖，犬,,ok,2
5625,觏,冓，见,,ok,2
5626,慝,匿，心,,ok,2
5627,嫠,未，攵，厂，女,,ok,4
5628,韬,韦，舀,,ok,2
5629,叆,云，爱,,ok,2
5630,髦,髟，毛,,ok,2
5631,摽,扌，票,,ok,2
5632,墁,土，曼,,ok,2
5633,撂,扌，田，各,,ok,3
5634,摞,扌，累,,ok,2
5635,撄,扌，婴,,ok,2
5636,翥,者，羽,,ok,2
5637,踅,折，足,,ok,2
5638,摭,扌，庶,,ok,2
5639,墉,土，庸,,ok,2
5640,墒,土，商,,ok,2
5641,榖,士，冖，一，木，殳,,ok,5
5642,綦,其，糸,,ok,2
5643,蔫,艹，焉,,ok,2
5644,蔷,艹，啬,,ok,2
5645,靺,革，末,,ok,2
5646,靼,革，旦,,ok,2
5647,鞅,革，央,,ok,2
5648,靿,革，幼,,ok,2
5649,甍,艹，罒，冖，瓦,,ok,4
5650,蔸,艹，兜,,ok,2
5651,蔟,艹，族,,ok,2
5652,蔺,艹，门，隹,,ok,3
5653,戬,晋，戈,,ok,2
5654,蕖,艹，渠,,ok,2
5655,蔻,艹，寇,,ok,2
5656,蓿,艹，宿,,ok,2
5657,斡,倝，斗,,ok,2
5658,鹕,胡，鸟,,ok,2
5659,蓼,艹，翏,,ok,2
5660,榛,木，秦,,ok,2
5661,榧,木，匪,,ok,2
5662,榻,木，日，羽,,ok,3
5663,榫,木，隼,,ok,2
5664,榭,木，射,,ok,2
5665,槔,木，皋,,ok,2
5666,榱,木，衰,,ok,2
5667,槁,木，高,,ok,2
5668,槟,木，宾,,ok,2
5669,槠,木，诸,,ok,2
5670,榷,木，隺,,ok,2
5671,僰,棘，人,,ok,2
5672,酽,酉，严,,ok,2
5673,酶,酉，每,,ok,2
5674,酹,酉，寽,,ok,2
5675,厮,厂，斯,,ok,2
5676,碡,石，毒,,ok,2
5677,碴,石，查,,ok,2
5678,碣,石，曷,,ok,2
5679,碲,石，帝,,ok,2
5680,磋,石，差,,ok,2
5681,臧,臧,,ok,1
5682,豨,豕，希,,ok,2
5683,殡,歹，宾,,ok,2
5684,霆,雨，廷,,ok,2
5685,霁,雨，齐,,ok,2
5686,辕,车，袁,,ok,2
5687,蜚,非，虫,,ok,2
5688,裴,非，衣,,ok,2
5689,翡,非，羽,,ok,2
5690,龇,齿，此,,ok,2
5691,龈,齿，艮,,ok,2
5692,睿,睿,,ok,1
5693,䁖,目，娄,,ok,2
5694,睽,目，癸,,ok,2
5695,嘞,口，勒,,ok,2
5696,嘈,口，曹,,ok,2
5697,嘌,口，票,,ok,2
5698,嘁,口，戚,,ok,2
5699,嘎,口，戛,,ok,2
5700,暧,日，爱,,ok,2
5701,暝,日，冥,,ok,2
5702,踌,⻊，寿,,ok,2
5703,踉,⻊，良,,ok,2
5704,蜞,虫，其,,ok,2
5705,蜥,虫，析,,ok,2
5706,蜮,虫，或,,ok,2
5707,蝈,虫，国,,ok,2
5708,蜴,虫，易,,ok,2
5709,蜱,虫，卑,,ok,2
5710,蜩,虫，周,,ok,2
5711,蜷,虫，卷,,ok,2
5712,蜿,虫，宛,,ok,2
5713,螂,虫，郎,,ok,2
5714,蜢,虫，孟,,ok,2
5715,嘘,口，虚,,ok,2
5716,嘡,口，堂,,ok,2
5717,鹗,咢，鸟,,ok,2
5718,嘣,口，崩,,ok,2
5719,嘤,口，婴,,ok,2
5720,嘚,口，得,,ok,2
5721,嗾,口，族,,ok,2
5722,嘧,口，谜,,ok,2
5723,罴,罢，灬,,ok,2
5724,罱,罒，南,,ok,2
5725,幔,巾，曼,,ok,2
5726,嶂,山，章,,ok,2
5727,幛,巾，章,,ok,2
5728,赙,贝，尃,,ok,2
5729,罂（罌）,賏，缶,,古,2
5730,骷,骨，古,,ok,2
5731,骶,骨，氐,,ok,2
5732,鹘,骨，鸟,,ok,2
5733,锲,钅，契,,ok,2
5734,锴,钅，皆,,ok,2
5735,锶,钅，思,,ok,2
5736,锷,钅，咢,,ok,2
5737,锸,钅，臿,,ok,2
5738,锵,钅，将,,ok,2
5739,镁,钅，美,,ok,2
5740,镂,钅，娄,,ok,2
5741,犒,牜，高,,ok,2
5742,箐,⺮，青,,ok,2
5743,箦,⺮，责,,ok,2
5744,箧（篋）,⺮，匧,,古,2
5745,箍,⺮，扌，匝,,ok,3
5746,箸,⺮，者,,ok,2
5747,箬,⺮，若,,ok,2
5748,箅,⺮，畀,,ok,2
5749,箪,⺮，单,,ok,2
5750,箔,⺮，泊,,ok,2
5751,箜,⺮，空,,ok,2
5752,箢,⺮，宛,,ok,2
5753,箓,⺮，录,,ok,2
5754,毓,每，㐬,,ok,2
5755,僖,亻，喜,,ok,2
5756,儆,亻，敬,,ok,2
5757,僳,亻，粟,,ok,2
5758,僭,亻，朁,,ok,2
5759,劁,焦，刂,,ok,2
5760,僮,亻，童,,ok,2
5761,魃,鬼，犮,,ok,2
5762,魆,鬼，戉,,ok,2
5763,睾,血，幸,,ok,2
5764,艋,舟，孟,,ok,2
5765,鄱,番，阝,,ok,2
5766,膈,月，鬲,,ok,2
5767,膑,月，宾,,ok,2
5768,鲑,鱼，圭,,ok,2
5769,鲔,鱼，有,,ok,2
5770,鲚,鱼，齐,,ok,2
5771,鲛,鱼，交,,ok,2
5772,鲟,鱼，寻,,ok,2
5773,獐,犭，章,,ok,2
5774,觫,角，束,,ok,2
5775,雒,各，隹,,ok,2
5776,夤,夕，寅,,ok,2
5777,馑,饣，堇,,ok,2
5778,銮（鑾）,䜌，金,,ok,2
5779,塾,孰，土,,ok,2
5780,麽,麻，么,,ok,2
5781,瘌,疒，剌,,ok,2
5782,瘊,疒，侯,,ok,2
5783,瘘,疒，娄,,ok,2
5784,瘙,疒，蚤,,ok,2
5785,廖,广，翏,,ok,2
5786,韶,音，召,,ok,2
5787,旖,㫃，奇,,ok,2
5788,膂,旅，月,,ok,2
5789,阚,门，敢,,ok,2
5790,鄯,善，阝,,ok,2
5791,鲞,龹，鱼,,ok,2
5792,粿,米，果,,ok,2
5793,粼,粦，巜,,ok,2
5794,粽,米，宗,,ok,2
5795,糁,米，参,,ok,2
5796,槊,朔，木,,ok,2
5797,鹚,兹，鸟,,ok,2
5798,熘,火，留,,ok,2
5799,熥,火，通,,ok,2
5800,潢,氵，黄,,ok,2
5801,漕,氵，曹,,ok,2
5802,滹,氵，虖,,ok,2
5803,漯,氵，累,,ok,2
5804,漶,氵，患,,ok,2
5805,潋,氵，敛,,ok,2
5806,潴,氵，猪,,ok,2
5807,漪,氵，猗,,ok,2
5808,漉,氵，鹿,,ok,2
5809,漳,氵，章,,ok,2
5810,漩,氵，旋,,ok,2
5811,澉,氵，敢,,ok,2
5812,潍,氵，维,,ok,2
5813,慵,忄，庸,,ok,2
5814,搴,寒s，手,,省,2
5815,窨,穴，音,,ok,2
5816,寤,宀，爿，吾,,ok,3
5817,綮,户，攵，糸,,ok,3
5818,谮,讠，朁,,ok,2
5819,褡,衤，荅,,ok,2
5820,褙,衤，背,,ok,2
5821,褓,衤，保,,ok,2
5822,褛,衤，娄,,ok,2
5823,褊,衤，扁,,ok,2
5824,谯,讠，焦,,ok,2
5825,谰,讠，阑,,ok,2
5826,谲,讠，矞,,ok,2
5827,暨,既，旦,,ok,2
5828,屣,尸，徙,,ok,2
5829,鹛,眉，鸟,,ok,2
5830,嫣,女，焉,,ok,2
5831,嫱,女，啬,,ok,2
5832,嫖,女，票,,ok,2
5833,嫦,女，常,,ok,2
5834,嫚,女，曼,,ok,2
5835,嫘,女，累,,ok,2
5836,嫡,女，啇,,ok,2
5837,鼐,乃，鼎,,ok,2
5838,翟,羽，隹,,ok,2
5839,瞀,敄，目,,ok,2
5840,鹜,敄，鸟,,ok,2
5841,骠,马，票,,ok,2
5842,缥,纟，票,,ok,2
5843,缦,纟，曼,,ok,2
5844,缧,纟，累,,ok,2
5845,缨,纟，婴,,ok,2
5846,骢,马，悤,,ok,2
5847,缪,纟，翏,,ok,2
5848,缫,纟，巢,,ok,2
5849,耦,耒，禺,,ok,2
5850,耧,耒，娄,,ok,2
5851,瑾,王，堇,,ok,2
5852,璜,王，黄,,ok,2
5853,璀,王，崔,,ok,2
5854,璎,王，婴,,ok,2
5855,璁,王，悤,,ok,2
5856,璋,王，章,,ok,2
5857,璇,王，旋,,ok,2
5858,奭,大，百，百,,ok,3
5859,髯,髟，冉,,ok,2
5860,髫,髟，召,,ok,2
5861,撷,扌，颉,,ok,2
5862,撅,扌，厥,,ok,2
5863,赭,赤，者,,ok,2
5864,撸,扌，鲁,,ok,2
5865,鋆,均，金,,ok,2
5866,撙,扌，尊,,ok,2
5867,撺,扌，窜,,ok,2
5868,墀,土，犀,,ok,2
5869,聩,耳，贵,,ok,2
5870,觐,堇，见,,ok,2
5871,鞑,革，达,,ok,2
5872,蕙,艹，惠,,ok,2
5873,鞒,革，乔,,ok,2
5874,蕈,艹，覃,,ok,2
5875,蕨,艹，厥,,ok,2
5876,蕤,艹，甤,,ok,2
5877,蕞,艹，最,,ok,2
5878,蕺,艹，戢,,ok,2
5879,瞢,艹，罒，冖，目,,ok,4
5880,蕃,艹，番,,ok,2
5881,蕲,艹，单，斤,,ok,3
5882,赜,𦣝b，责,,变,2
5883,槿,木，堇,,ok,2
5884,樯,木，啬,,ok,2
5885,槭,木，戚,,ok,2
5886,樗,木，雩,,ok,2
5887,樘,木，堂,,ok,2
5888,樊,林，爻，大,,ok,3
5889,槲,木，斛,,ok,2
5890,醌,酉，昆,,ok,2
5891,醅,酉，咅,,ok,2
5892,靥,厌，面,,ok,2
5893,魇,厌，鬼,,ok,2
5894,餍,厌，食,,ok,2
5895,磔,石，桀,,ok,2
5896,磙,石，衮,,ok,2
5897,霈,雨，沛,,ok,2
5898,辘,车，鹿,,ok,2
5899,龉,齿，吾,,ok,2
5900,龊,齿，足,,ok,2
5901,觑,虚，见,,ok,2
5902,瞌,目，盍,,ok,2
5903,瞋,目，真,,ok,2
5904,瞑,目，冥,,ok,2
5905,嘭,口，彭,,ok,2
5906,噎,口，壹,,ok,2
5907,噶,口，葛,,ok,2
5908,颙,禺，页,,ok,2
5909,暹,日，隹，辶,,ok,3
5910,噘,口，厥,,ok,2
5911,踔,⻊，卓,,ok,2
5912,踝,⻊，果,,ok,2
5913,踟,⻊，知,,ok,2
5914,踒,⻊，委,,ok,2
5915,踬,⻊，质,,ok,2
5916,踮,⻊，店,,ok,2
5917,踯,⻊，郑,,ok,2
5918,踺,⻊，建,,ok,2
5919,踞,⻊，居,,ok,2
5920,蝽,虫，春,,ok,2
5921,蝾,虫，荣,,ok,2
5922,蝻,虫，南,,ok,2
5923,蝰,虫，奎,,ok,2
5924,蝮,虫，复,,ok,2
5925,螋,虫，叟,,ok,2
5926,蝓,虫，俞,,ok,2
5927,蝣,虫，㫃，子,,ok,3
5928,蝼,虫，娄,,ok,2
5929,噗,口，菐,,ok,2
5930,嘬,口，最,,ok,2
5931,颚,咢，页,,ok,2
5932,噍,口，焦,,ok,2
5933,噢,口，奥,,ok,2
5934,噙,口，禽,,ok,2
5935,噜,口，鲁,,ok,2
5936,噌,口，曾,,ok,2
5937,噔,口，登,,ok,2
5938,颛,耑，页,,ok,2
5939,幞,巾，菐,,ok,2
5940,幡,巾，番,,ok,2
5941,嶙,山，粦,,ok,2
5942,嶝,山，登,,ok,2
5943,骺,骨，后,,ok,2
5944,骼,骨，各,,ok,2
5945,骸,骨，亥,,ok,2
5946,镊,钅，聂,,ok,2
5947,镉,钅，鬲,,ok,2
5948,镌,钅，隽,,ok,2
5949,镍,钅，臬,,ok,2
5950,镏,钅，留,,ok,2
5951,镒,钅，益,,ok,2
5952,镓,钅，家,,ok,2
5953,镔,钅，宾,,ok,2
5954,稷,禾，畟,,ok,2
5955,箴,⺮，咸,,ok,2
5956,篑,⺮，贵,,ok,2
5957,篁,⺮，皇,,ok,2
5958,篌,⺮，侯,,ok,2
5959,篆,⺮，彖,,ok,2
5960,牖,片，户，甫,,ok,2
5961,儋,亻，詹,,ok,2
5962,徵,彳，山，一，王，攵,,ok,5
5963,磐,般，石,,ok,2
5964,虢,寽，虎,,ok,2
5965,鹞,䍃，鸟,,ok,2
5966,膘,月，票,,ok,2
5967,滕,月，龹，氺,,ok,3
5968,鲠,鱼，更,,ok,2
5969,鲡,鱼，丽,,ok,2
5970,鲢,鱼，连,,ok,2
5971,鲣,鱼，坚,,ok,2
5972,鲥,鱼，时,,ok,2
5973,鲧,鱼，系,,ok,2
5974,鲩,鱼，完,,ok,2
5975,獗,犭，厥,,ok,2
5976,獠,犭，尞,,ok,2
5977,觯,角，单,,ok,2
5978,馓,饣，散,,ok,2
5979,馔,饣，巽,,ok,2
5980,麾,麻，毛,,ok,2
5981,廛,广，里，八，土,,ok,4
5982,瘛,疒，㓞，心,,ok,3
5983,瘼,疒，莫,,ok,2
5984,瘢,疒，般,,ok,2
5985,瘠,疒，脊,,ok,2
5986,齑,齐，韭,,ok,2
5987,羯,羊，曷,,ok,2
5988,羰,羊，炭,,ok,2
5989,𥻗,米，查,,ok,2
5990,遴,粦，辶,,ok,2
5991,糌,米，昝,,ok,2
5992,糍,米，兹,,ok,2
5993,糅,米，柔,,ok,2
5994,熜,火，悤,,ok,2
5995,熵,火，商,,ok,2
5996,熠,火，習,,ok,2
5997,澍,氵，尌,,ok,2
5998,澌,氵，斯,,ok,2
5999,潸,氵，林，月,,ok,3
6000,潦,氵，尞,,ok,2
6001,潲,氵，稍,,ok,2
6002,鋈,沃，金,,ok,2
6003,潟,氵，舄,,ok,2
6004,潼,氵，童,,ok,2
6005,潺,氵，孱,,ok,2
6006,憬,忄，景,,ok,2
6007,憧,忄，童,,ok,2
6008,寮,宀，尞,,ok,2
6009,窳,穴，瓜，瓜,,ok,3
6010,谳,讠，献,,ok,2
6011,褴,衤，监,,ok,2
6012,褟,衤，日，羽,,ok,3
6013,褫,衤，虒,,ok,2
6014,谵,讠，詹,,ok,2
6015,熨,尉，火,,ok,2
6016,屦,尸，彳，娄,,ok,3
6017,嬉,女，喜,,ok,2
6018,勰,劦，思,,ok,2
6019,戮,翏，戈,,ok,2
6020,蝥,敄，虫,,ok,2
6021,缬,纟，颉,,ok,2
6022,缮,纟，善,,ok,2
6023,缯,纟，曾,,ok,2
6024,骣,马，孱,,ok,2
6025,畿,幺，幺，戈，田,,ok,4
6026,耩,耒，冓,,ok,2
6027,耨,耒，辱,,ok,2
6028,耪,耒，旁,,ok,2
6029,璞,王，菐,,ok,2
6030,璟,王，景,,ok,2
6031,靛,青，定,,ok,2
6032,璠,王，番,,ok,2
6033,璘,王，粦,,ok,2
6034,聱,敖，耳,,ok,2
6035,螯,敖，虫,,ok,2
6036,髻,髟，吉,,ok,2
6037,髭,髟，此,,ok,2
6038,髹,髟，休,,ok,2
6039,擀,扌，倝，干,,ok,3
6040,熹,喜，灬,,ok,2
6041,甏,彭，瓦,,ok,2
6042,擞,扌，数,,ok,2
6043,縠,士，冖，一，糸，殳,,ok,5
6044,磬,殸，石,,ok,2
6045,颞,聂，页,,ok,2
6046,蕻,艹，镸，共,,ok,3
6047,鞘,革，肖,,ok,2
6048,颟（顢）,㒼，页,,古,2
6049,薤,艹，歹，韭,,ok,3
6050,薨,艹，罒，冖，死,,ok,4
6051,檠,敬，木,,ok,2
6052,薏,艹，意,,ok,2
6053,薮,艹，数,,ok,2
6054,薜,艹，辟,,ok,2
6055,薅,艹，女，辱,,ok,3
6056,樾,木，越,,ok,2
6057,橛,木，厥,,ok,2
6058,橇,木，毳,,ok,2
6059,樵,木，焦,,ok,2
6060,檎,木，禽,,ok,2
6061,橹,木，鲁,,ok,2
6062,樽,木，尊,,ok,2
6063,樨,木，犀,,ok,2
6064,橼,木，缘,,ok,2
6065,墼,毄b，土,,变,2
6066,橐,橐,,ok,1
6067,翮,鬲，羽,,ok,2
6068,醛,酉，荃,,ok,2
6069,醐,酉，胡,,ok,2
6070,醍,酉，是,,ok,2
6071,醚,酉，迷,,ok,2
6072,磲,石，渠,,ok,2
6073,赝,雁，贝,,ok,2
6074,飙,犬，犬，犬，风,,ok,4
6075,殪,歹，壹,,ok,2
6076,霖,雨，林,,ok,2
6077,霏,雨，非,,ok,2
6078,霓,雨，兒,,ok,2
6079,錾,斩，金,,ok,2
6080,辚,车，粦,,ok,2
6081,臻,至，秦,,ok,2
6082,遽,豦，辶,,ok,2
6083,氅,敞，毛,,ok,2
6084,瞟,目，票,,ok,2
6085,瞠,目，堂,,ok,2
6086,瞰,目，敢,,ok,2
6087,嚄,口，蒦,,ok,2
6088,嚆,口，蒿,,ok,2
6089,噤,口，禁,,ok,2
6090,暾,日，敦,,ok,2
6091,蹀,⻊，枼,,ok,2
6092,踹,⻊，耑,,ok,2
6093,踵,⻊，重,,ok,2
6094,踽,⻊，禹,,ok,2
6095,蹉,⻊，差,,ok,2
6096,蹁,⻊，扁,,ok,2
6097,螨（蟎）,虫，㒼,,古,2
6098,蟒,虫，莽,,ok,2
6099,螈,虫，原,,ok,2
6100,螅,虫，息,,ok,2
6101,螭,虫，离,,ok,2
6102,螠,虫，益,,ok,2
6103,螟,虫，冥,,ok,2
6104,噱,口，豦,,ok,2
6105,噬,口，筮,,ok,2
6106,噫,口，意,,ok,2
6107,噻,口，塞,,ok,2
6108,噼,口，辟,,ok,2
6109,罹,罒，惟,,ok,2
6110,圜,囗，睘,,ok,2
6111,䦃,钅，著,,ok,2
6112,镖,钅，票,,ok,2
6113,镗,钅，堂,,ok,2
6114,镘,钅，曼,,ok,2
6115,镚,钅，崩,,ok,2
6116,镛,钅，庸,,ok,2
6117,镝,钅，啇,,ok,2
6118,镞,钅，族,,ok,2
6119,镠,钅，翏,,ok,2
6120,氇,毛，鲁,,ok,2
6121,氆,毛，普,,ok,2
6122,憩,舌，自，心,,ok,3
6123,穑,禾，啬,,ok,2
6124,篝,⺮，冓,,ok,2
6125,篥,⺮，栗,,ok,2
6126,篦,⺮，囟，比,,ok,3
6127,篪,⺮，虒,,ok,2
6128,篙,⺮，高,,ok,2
6129,盥,𦥑，水，皿,,ok,2
6130,劓,鼻，刂,,ok,2
6131,翱,皋，羽,,ok,2
6132,魉,鬼，两,,ok,2
6133,魈,鬼，肖,,ok,2
6134,徼,彳，白，方，攵,,ok,4
6135,歙,翕，欠,,ok,2
6136,膳,月，善,,ok,2
6137,膦,月，粦,,ok,2
6138,膙,月，强,,ok,2
6139,鲮,鱼，夌,,ok,2
6140,鲱,鱼，非,,ok,2
6141,鲲,鱼，昆,,ok,2
6142,鲳,鱼，昌,,ok,2
6143,鲴,鱼，固,,ok,2
6144,鲵,鱼，兒,,ok,2
6145,鲷,鱼，周,,ok,2
6146,鲻,鱼，巛，田,,ok,3
6147,獴,犭，蒙,,ok,2
6148,獭,犭，赖,,ok,2
6149,獬,犭，解,,ok,2
6150,邂,解，辶,,ok,2
6151,鹧,庶，鸟,,ok,2
6152,廨,广，解,,ok,2
6153,赟,斌，贝,,ok,2
6154,瘰,疒，累,,ok,2
6155,廪,广，禀,,ok,2
6156,瘿,疒，婴,,ok,2
6157,瘵,疒，祭,,ok,2
6158,瘴,疒，章,,ok,2
6159,癃,疒，隆,,ok,2
6160,瘳,疒，翏,,ok,2
6161,斓,文，阑,,ok,2
6162,麇,鹿，禾,,ok,2
6163,麈,鹿，主,,ok,2
6164,嬴,亡，口，月，女，凡,,ok,5
6165,壅,雍，土,,ok,2
6166,羲,羊，禾，丂，戈,,ok,4
6167,糗,米，臭,,ok,2
6168,瞥,敝，目,,ok,2
6169,甑,曾，瓦,,ok,2
6170,燎,火，尞,,ok,2
6171,燠,火，奥,,ok,2
6172,燔,火，番,,ok,2
6173,燧,火，遂,,ok,2
6174,濑,氵，赖,,ok,2
6175,濉,氵，睢,,ok,2
6176,潞,氵，路,,ok,2
6177,澧,氵，豊,,ok,2
6178,澹,氵，詹,,ok,2
6179,澥,氵，解,,ok,2
6180,澶,氵，亶,,ok,2
6181,濂,氵，廉,,ok,2
6182,褰,寒s，衣,,省,2
6183,寰,宀，睘,,ok,2
6184,窸,穴，悉,,ok,2
6185,褶,衤，習,,ok,2
6186,禧,礻，喜,,ok,2
6187,嬖,辟，女,,ok,2
6188,犟,强，牛,,ok,2
6189,隰,阝，㬎,,ok,2
6190,嬗,女，亶,,ok,2
6191,颡,桑，页,,ok,2
6192,缱,纟，遣,,ok,2
6193,缲,纟，喿,,ok,2
6194,缳,纟，睘,,ok,2
6195,璨,王，粲,,ok,2
6196,璩,王，豦,,ok,2
6197,璐,王，路,,ok,2
6198,璪,王，喿,,ok,2
6199,螫,赦，虫,,ok,2
6200,擤,扌，鼻,,ok,2
6201,壕,土，豪,,ok,2
6202,觳,士，冖，一，角，殳,,ok,5
6203,罄,殸，缶,,ok,2
6204,擢,扌，翟,,ok,2
6205,薹,艹，臺,,ok,2
6206,鞡,革，拉,,ok,2
6207,鞬,革，建,,ok,2
6208,薷,艹，需,,ok,2
6209,薰,艹，熏,,ok,2
6210,藓,艹，鲜,,ok,2
6211,藁,艹，高，木,,ok,3
6212,檄,木，敫,,ok,2
6213,檩,木，禀,,ok,2
6214,懋,楙，心,,ok,2
6215,醢,酉，右，皿,,ok,3
6216,翳,医，殳，羽,,ok,3
6217,礅,石，敦,,ok,2
6218,磴,石，登,,ok,2
6219,鹩,尞，鸟,,ok,2
6220,龋,齿，禹,,ok,2
6221,龌,齿，屋,,ok,2
6222,豳,山，豕，豕,,ok,3
6223,壑,㕡，土,,ok,2
6224,黻,黹，犮,,ok,2
6225,嚏,口，疐,,ok,2
6226,嚅,口，需,,ok,2
6227,蹑,⻊，聂,,ok,2
6228,蹒（蹣）,⻊，㒼,,古,2
6229,蹊,⻊，奚,,ok,2
6230,蟥,虫，黄,,ok,2
6231,螬,虫，曹,,ok,2
6232,螵,虫，票,,ok,2
6233,疃,田，童,,ok,2
6234,螳,虫，堂,,ok,2
6235,蟑,虫，章,,ok,2
6236,嚓,口，察,,ok,2
6237,羁,罒，革，马,,ok,3
6238,罽,罒，厂，炎，刂,,ok,4
6239,罾,罒，曾,,ok,2
6240,嶷,山，疑,,ok,2
6241,黜,黑，出,,ok,2
6242,黝,黑，幼,,ok,2
6243,髁,骨，果,,ok,2
6244,髀,骨，卑,,ok,2
6245,镡,钅，覃,,ok,2
6246,镢,钅，厥,,ok,2
6247,镣,钅，尞,,ok,2
6248,镦,钅，敦,,ok,2
6249,镧,钅，阑,,ok,2
6250,镩,钅，窜,,ok,2
6251,镪,钅，强,,ok,2
6252,镫,钅，登,,ok,2
6253,罅,缶，虖,,ok,2
6254,黏,黍，占,,ok,2
6255,簌,⺮，欶,,ok,2
6256,篾,⺮，罒，戍,,ok,3
6257,篼,⺮，兜,,ok,2
6258,簖,⺮，断,,ok,2
6259,簋,⺮，艮，皿,,ok,3
6260,鼢,鼠，分,,ok,2
6261,黛,代，黑,,ok,2
6262,儡,亻，畾,,ok,2
6263,鹪,焦，鸟,,ok,2
6264,鼾,鼻，干,,ok,2
6265,皤,白，番,,ok,2
6266,魍,鬼，罔,,ok,2
6267,龠,龠,,ok,1
6268,繇,䍃，系,,ok,2
6269,貘,豸，莫,,ok,2
6270,邈,貌，辶,,ok,2
6271,貔,豸，囟，比,,ok,3
6272,臌,月，鼓,,ok,2
6273,膻,月，亶,,ok,2
6274,臆,月，意,,ok,2
6275,臃,月，雍,,ok,2
6276,鲼,鱼，贲,,ok,2
6277,鲽,鱼，枼,,ok,2
6278,鳀,鱼，是,,ok,2
6279,鳃,鱼，思,,ok,2
6280,鳅,鱼，秋,,ok,2
6281,鳇,鱼，皇,,ok,2
6282,鳊,鱼，扁,,ok,2
6283,螽,冬，䖵,,ok,2
6284,燮,火，言，火，又,,ok,4
6285,鹫,就，鸟,,ok,2
6286,襄,襄,,ok,1
6287,糜,麻，米,,ok,2
6288,縻,麻，糸,,ok,2
6289,膺,䧹，月,,ok,2
6290,癍,疒，斑,,ok,2
6291,麋,鹿，米,,ok,2
6292,懑,满，心,,ok,2
6293,濡,氵，需,,ok,2
6294,濮,氵，亻，菐,,ok,3
6295,濞,氵，鼻,,ok,2
6296,濠,氵，豪,,ok,2
6297,濯,氵，翟,,ok,2
6298,蹇,寒s，足,,省,2
6299,謇,寒s，言,,省,2
6300,邃,穴，遂,,ok,2
6301,襁,衤，强,,ok,2
6302,檗,辟，木,,ok,2
6303,擘,辟，手,,ok,2
6304,孺,子，需,,ok,2
6305,隳,隋，人，⺗,,ok,3
6306,嬷,女，麽,,ok,2
6307,蟊,矛，䖵,,ok,2
6308,鹬,矞，鸟,,ok,2
6309,鍪,敄，金,,ok,2
6310,鏊,敖，金,,ok,2
6311,鳌,敖，鱼,,ok,2
6312,鬈,髟，卷,,ok,2
6313,鬃,髟，宗,,ok,2
6314,瞽,鼓，目,,ok,2
6315,鞯,革，荐,,ok,2
6316,鞨,革，曷,,ok,2
6317,鞫,革，訇,,ok,2
6318,鞧,革，酋,,ok,2
6319,鞣,革，柔,,ok,2
6320,藜,艹，黎,,ok,2
6321,藠,艹，皛,,ok,2
6322,藩,艹，潘,,ok,2
6323,醪,酉，翏,,ok,2
6324,蹙,戚，足,,ok,2
6325,礓,石，畺,,ok,2
6326,燹,豕，豕，火,,ok,3
6327,餮,殄，食,,ok,2
6328,瞿,䀠，隹,,ok,2
6329,曛,日，熏,,ok,2
6330,颢,景，页,,ok,2
6331,曜,日，翟,,ok,2
6332,躇,⻊，著,,ok,2
6333,蹚,⻊，堂,,ok,2
6334,鹭,路，鸟,,ok,2
6335,蟛,虫，彭,,ok,2
6336,蟪,虫，惠,,ok,2
6337,蟠,虫，番,,ok,2
6338,蟮,虫，善,,ok,2
6339,鹮,睘，鸟,,ok,2
6340,黠,黑，吉,,ok,2
6341,黟,黑，多,,ok,2
6342,髅,骨，娄,,ok,2
6343,髂,骨，客,,ok,2
6344,镬,钅，蒦,,ok,2
6345,镭,钅，雷,,ok,2
6346,镯,钅，蜀,,ok,2
6347,馥,香，复,,ok,2
6348,簟,⺮，覃,,ok,2
6349,簪,⺮，朁,,ok,2
6350,鼬,鼠，由,,ok,2
6351,雠,隹，讠，隹,,ok,3
6352,艟,舟，童,,ok,2
6353,鳎,鱼，日，羽,,ok,3
6354,鳏,鱼，眔,,ok,2
6355,鳐,鱼，䍃,,ok,2
6356,癞,疒，赖,,ok,2
6357,癔,疒，意,,ok,2
6358,癜,疒，殿,,ok,2
6359,癖,疒，辟,,ok,2
6360,糨,米，强,,ok,2
6361,蹩,敝，足,,ok,2
6362,鎏,流，金,,ok,2
6363,懵,忄，瞢,,ok,2
6364,彝,彑，米，糸，廾,,ok,4
6365,邋,巤，辶,,ok,2
6366,鬏,髟，秋,,ok,2
6367,攉,扌，霍,,ok,2
6368,攒,扌，赞,,ok,2
6369,鞲,革，冓,,ok,2
6370,鞴,革，備s,,省,2
6371,藿,艹，霍,,ok,2
6372,蘧,艹，遽,,ok,2
6373,蘅,艹，衡,,ok,2
6374,麓,林，鹿,,ok,2
6375,醮,酉，焦,,ok,2
6376,醯,酉，㐬，皿,,ok,3
6377,酃,霝，阝,,ok,2
6378,霪,雨，淫,,ok,2
6379,霭,雨，谒,,ok,2
6380,霨,雨，尉,,ok,2
6381,黼,黹，甫,,ok,2
6382,嚯,口，霍,,ok,2
6383,蹰,⻊，厨,,ok,2
6384,蹶,⻊，厥,,ok,2
6385,蹽,⻊，尞,,ok,2
6386,蹼,⻊，菐,,ok,2
6387,蹴,⻊，就,,ok,2
6388,蹾,⻊，敦,,ok,2
6389,蹿,⻊，窜,,ok,2
6390,蠖,虫，蒦,,ok,2
6391,蠓,虫，蒙,,ok,2
6392,蟾,虫，詹,,ok,2
6393,蠊,虫，廉,,ok,2
6394,黢,黑，夋,,ok,2
6395,髋,骨，宽,,ok,2
6396,髌,骨，宾,,ok,2
6397,镲,钅，察,,ok,2
6398,籀,⺮，扌，留,,ok,3
6399,籁,⺮，赖,,ok,2
6400,齁,鼻，句,,ok,2
6401,魑,鬼，离,,ok,2
6402,艨,舟，蒙,,ok,2
6403,鳓,鱼，勒,,ok,2
6404,鳔,鱼，票,,ok,2
6405,鳕,鱼，雪,,ok,2
6406,鳗,鱼，曼,,ok,2
6407,鳙,鱼，庸,,ok,2
6408,麒,鹿，其,,ok,2
6409,鏖,鹿，金,,ok,2
6410,羸,亡，口，羊，贝，凡,,ok,5
6411,㸆,火，靠,,ok,2
6412,瀚,氵，翰,,ok,2
6413,瀣,氵，韰,,ok,2
6414,瀛,氵，嬴,,ok,2
6415,襦,衤，需,,ok,2
6416,谶,讠，韱,,ok,2
6417,襞,辟，衣,,ok,2
6418,骥,马，冀,,ok,2
6419,缵,纟，赞,,ok,2
6420,瓒,王，赞,,ok,2
6421,攘,扌，襄,,ok,2
6422,蘩,艹，繁,,ok,2
6423,蘖,薛，木,,ok,2
6424,醴,酉，豊,,ok,2
6425,霰,雨，散,,ok,2
6426,酆,豐，阝,,ok,2
6427,矍,瞿，又,,ok,2
6428,曦,日，羲,,ok,2
6429,躅,⻊，蜀,,ok,2
6430,鼍,單，黾,,ok,2
6431,巉,山，毚,,ok,2
6432,黩,黑，卖,,ok,2
6433,黥,黑，京,,ok,2
6434,黪,黑，参,,ok,2
6435,镳,钅，麃,,ok,2
6436,镴,钅，巤,,ok,2
6437,黧,利b，黑,,变,2
6438,纂,算b，糸,,变,2
6439,璺,𦥑，同，冖，玉,,ok,4
6440,鼯,鼠，吾,,ok,2
6441,臜,月，赞,,ok,2
6442,鳜,鱼，厥,,ok,2
6443,鳝,鱼，善,,ok,2
6444,鳟,鱼，尊,,ok,2
6445,獾,犭，雚,,ok,2
6446,孀,女，霜,,ok,2
6447,骧,马，襄,,ok,2
6448,瓘,王，雚,,ok,2
6449,鼙,鼓，卑,,ok,2
6450,醺,酉，熏,,ok,2
6451,礴,石，薄,,ok,2
6452,颦,频，卑,,ok,2
6453,曩,日，襄,,ok,2
6454,鳢,鱼，豊,,ok,2
6455,癫,疒，颠,,ok,2
6456,麝,鹿，射,,ok,2
6457,夔,夔,,ok,1
6458,爝,火，爵,,ok,2
6459,灏,氵，颢,,ok,2
6460,禳,礻，襄,,ok,2
6461,鐾,辟，金,,ok,2
6462,羼,尸，羊，羊，羊,,ok,4
6463,蠡,彖，䖵,,ok,2
6464,耱,耒，磨,,ok,2
6465,懿,壹，恣,,ok,2
6466,蘸,艹，醮,,ok,2
6467,鹳,雚，鸟,,ok,2
6468,霾,雨，貍,,ok,2
6469,氍,瞿，毛,,ok,2
6470,饕,號，食,,ok,2
6471,躐,⻊，巤,,ok,2
6472,髑,骨，蜀,,ok,2
6473,镵,钅，毚,,ok,2
6474,穰,禾，襄,,ok,2
6475,饔,雍，食,,ok,2
6476,鬻,粥，鬲,,ok,2
6477,鬟,髟，睘,,ok,2
6478,趱,走，赞,,ok,2
6479,攫,扌，矍,,ok,2
6480,攥,扌，纂,,ok,2
6481,颧,雚，页,,ok,2
6482,躜,⻊，赞,,ok,2
6483,鼹,鼠，晏,,ok,2
6484,癯,疒，瞿,,ok,2
6485,麟,鹿，粦,,ok,2
6486,蠲,益，蜀,,ok,2
6487,蠹,橐s，䖵,,省,2
6488,躞,⻊，燮,,ok,2
6489,衢,行，瞿,,ok,2
6490,鑫,金，金，金,,ok,3
6491,灞,氵，霸,,ok,2
6492,襻,衤，攀,,ok,2
6493,纛,毒，縣,,ok,2
6494,鬣,髟，巤,,ok,2
6495,攮,扌，囊,,ok,2
6496,囔,口，囊,,ok,2
6497,馕,饣，囊,,ok,2
6498,戆,赣，心,,ok,2
6499,爨,𦥑，同，冖，林，大，火,,ok,6
6500,齉,鼻，囊,,ok,2